PATID,Variant,Diagnosis,Birthdate,GENDER,Symptom_onset,Age_symptom_onset,Diagnosis,Age_diagnosis,Sentrix,Position,Age_collected_BL,Study_visit,Position,Age_collected_V04,Study_visit,Position,Age_collected_V06,Study_visit,Position,Age_collected_V08,Study_visit,ID_Family_member,KINSHIP,PAIR,ID_Family_member,KINSHIP,PAIR,ID_Family_member,KINSHIP,PAIR,ID_Family_member,KINSHIP,PAIR,Hoehn and Yahr at baseline,V04_HY,V06_HY,Hoehn and Yahr at the 3-year time point,MDS-UPDRS Part III at baseline,V04_P3,V06_P3,MDS-UPDRS Part III at the 3-year time point,MDS-UPDRS Part I at baseline,V04_P1,V06_P1,MDS-UPDRS Part I at the 3-year time point,MDS-UPDRS Part II at baseline,V04_P2,V06_P2,MDS-UPDRS Part II at the 3-year time point,MoCA at the 1-year time point,MoCA at the 2-year time point,MoCA at the 3-year time point,Left_caudate_at_baseline,v06_Caudate_L,v04_Caudate_L,Right_caudate_at_baseline,v06_Caudate_R,v04_Caudate_R,Left_putamen_at_baseline,v06_Putamen_L,v04_Putamen_L,Right_putamen_at_baseline,v06_Putamen_R,v04_Putamen_R,HISPLAT,RAINDALS,RAASIAN,RABLACK,RAHAWOPI,RAWHITE,RANOS,AA1,DNAm age acceleration at the 3-year time point ,DNAm age acceleration at the 1-year time point,AA2,family_info,Disease_duration,MoCA at the 3-year time point/total score,Value
3173,G2019S,1,1949,1,2010,61,2011,62,2.04E+11,R07C01,63,1,R08C01,64,V04,R06C01,65,V06,R05C01,66,V08,NA,NA,NA,NA,NA,NA,NA,NA,NA,NA,NA,NA,1,1,1,1,19,21,28,28,1,3,1,3,1,3,5,6,26,27,14,1.8,1.42,1.43,2.36,2.05,1.97,0.85,0.69,0.57,1.15,0.79,0.83,0,0,0,0,0,1,0,0.83,1.73,-1.538835445,0.318476848,20,2,0.47,0.466666667
40360,G2019S,2,1944,1,NA,NA,NA,NA,2.03E+11,R01C01,70,BL,R02C01,71,V04,R03C01,72,V06,R04C01,73,V08,NA,NA,NA,NA,NA,NA,NA,NA,NA,NA,NA,NA,0,0,0,0,4,5,4,7,7,10,12,7,2,4,6,6,29,29,27,NA,NA,NA,NA,NA,NA,NA,NA,NA,NA,NA,NA,0,0,0,0,0,1,0,6.61,0.71,2.45603073,5.900692076,21,#VALUE!,0.9,0.9
40366,G2019S,1,1951,2,2009,58,2010,59,2.05E+11,R01C01,63,BL,R02C01,65,V04,R03C01,65,V06,R04C01,66,V08,NA,NA,NA,NA,NA,NA,NA,NA,NA,NA,NA,NA,2,2,2,2,42,27,28,25,3,5,7,5,8,5,6,9,28,25,26,0.98,0.94,NA,1.05,1.05,NA,0.43,0.46,NA,0.69,0.53,NA,0,0,0,0,0,1,0,6.11,4.96,5.998747504,0.310868211,22,5,0.87,0.866666667
40451,G2019S,2,1959,2,NA,NA,NA,NA,2.05E+11,R02C01,55,1,R01C01,56,V04,R03C01,57,V06,R04C01,58,V08,NA,NA,NA,NA,NA,NA,NA,NA,NA,NA,NA,NA,0,0,0,0,0,0,0,0,5,5,5,9,0,0,0,0,28,29,28,NA,NA,NA,NA,NA,NA,NA,NA,NA,NA,NA,NA,0,0,0,0,0,1,0,11,10.82,13.5429174,10.42797949,23,#VALUE!,0.93,0.933333333
40520,G2019S,2,1959,2,NA,NA,NA,NA,2.03E+11,R05C01,56,BL,R06C01,57,V04,R07C01,58,V06,R08C01,59,V08,NA,NA,NA,NA,NA,NA,NA,NA,NA,NA,NA,NA,0,0,2,2,4,7,11,21,4,4,3,6,0,0,0,0,26,28,30,NA,NA,NA,NA,NA,NA,NA,NA,NA,NA,NA,NA,0,0,0,0,0,1,0,8.67,7.63,8.230196086,8.704148129,24,#VALUE!,1,1
40553,G2019S,1,1945,1,2002,57,2008,63,2.05E+11,R06C01,69,1,R05C01,70,V04,R07C01,71,V06,R08C01,72,V08,NA,NA,NA,NA,NA,NA,NA,NA,NA,NA,NA,NA,3,2,2,2,18,15,19,35,8,15,11,12,10,14,15,16,30,30,30,1.15,1.18,NA,1.06,1.14,NA,0.51,0.47,NA,0.55,0.37,NA,1,0,0,0,0,1,0,1.44,3.39,0.477280582,-1.367663058,9,12,1,1
40555,G2019S,1,1957,1,2010,53,2010,53,2.05E+11,R06C01,57,BL,R05C01,58,V04,R07C01,59,V06,R08C01,60,V08,NA,NA,NA,NA,NA,NA,NA,NA,NA,NA,NA,NA,2,2,2,2,15,23,23,16,2,1,2,1,6,6,7,10,24,24,28,1.52,1.55,NA,2.62,1.8,NA,0.5,0.56,NA,0.87,0.84,NA,1,0,0,0,0,1,0,3.5,5.8,1.180589655,2.901677212,25,4,0.93,0.933333333
40558,G2019S,1,1945,2,2009,64,2011,66,2.05E+11,R07C01,69,1,R06C01,70,V04,R08C01,71,V06,R05C01,73,V09,NA,NA,NA,NA,NA,NA,NA,NA,NA,NA,NA,NA,2,1,NA,NA,12,7,NA,NA,12,6,0,0,4,2,0,0,24,NA,NA,1.53,NA,NA,1.41,NA,NA,0.71,NA,NA,1.07,NA,NA,1,0,0,0,0,1,0,1.97,3.48,2.186010612,#VALUE!,26,5,#VALUE!,#VALUE!
40560,G2019S,1,1948,1,2009,61,2011,63,2.04E+11,R06C01,66,1,R05C01,67,V04,R07C01,68,V06,NA,NA,NA,NA,NA,NA,NA,NA,NA,NA,NA,NA,NA,NA,NA,3,2,2,NA,37,32,51,NA,15,12,12,0,17,16,15,0,29,26,NA,1.32,1.02,NA,1.18,0.81,NA,0.34,0.47,NA,0.42,0.23,NA,1,0,0,0,0,1,0,-1.98,#VALUE!,2.30589421,-3.83386619,27,5,#VALUE!,#VALUE!
40567,G2019S,2,1966,2,NA,NA,NA,NA,2.05E+11,NA,NA,NA,R04C01,54,V04,NA,NA,NA,NA,NA,NA,NA,NA,NA,NA,NA,NA,NA,NA,NA,NA,NA,NA,0,0,NA,NA,2,1,NA,NA,7,5,0,0,1,1,0,0,28,NA,NA,NA,NA,NA,NA,NA,NA,NA,NA,NA,NA,NA,NA,1,0,0,0,0,1,0,#VALUE!,#VALUE!,11.47925972,#VALUE!,28,#VALUE!,#VALUE!,#VALUE!
40568,G2019S,2,1969,1,NA,NA,NA,NA,2.05E+11,NA,NA,NA,R01C01,51,V04,NA,NA,NA,NA,NA,NA,NA,NA,NA,NA,NA,NA,NA,NA,NA,NA,NA,NA,0,0,NA,NA,3,0,NA,NA,3,3,0,0,0,0,0,0,30,NA,NA,NA,NA,NA,NA,NA,NA,NA,NA,NA,NA,NA,NA,1,0,0,0,0,1,0,#VALUE!,#VALUE!,8.392152644,#VALUE!,29,#VALUE!,#VALUE!,#VALUE!
40574,G2019S,2,1972,2,NA,NA,NA,NA,2.05E+11,R08C01,47,1,R06C01,48,V04,R07C01,46,V06,NA,NA,NA,NA,NA,NA,NA,NA,NA,NA,NA,NA,NA,NA,NA,0,0,NA,NA,3,3,NA,NA,0,3,0,0,6,0,0,0,29,NA,NA,NA,NA,NA,NA,NA,NA,NA,NA,NA,NA,NA,NA,1,0,0,0,0,0,0,9.97,#VALUE!,18.33525555,15.30051686,30,#VALUE!,#VALUE!,#VALUE!
40578,G2019S,1,1963,2,2011,48,2012,49,2.05E+11,R05C01,51,1,R04C01,52,V04,R06C01,53,V06,R07C01,54,V08,NA,NA,NA,NA,NA,NA,NA,NA,NA,NA,NA,NA,1,2,2,2,8,18,35,18,16,13,11,11,19,17,14,22,19,23,22,2.06,1.86,NA,1.55,1.48,NA,0.8,0.81,NA,0.56,0.51,NA,0,0,0,0,0,0,1,12.92,11.99,2.932245235,11.14817893,31,3,0.73,0.733333333
40585,G2019S,1,1962,2,2009,47,2009,47,2.04E+11,R02C01,52,1,R01C01,53,V04,R03C01,54,V06,R04C01,55,V08,NA,NA,NA,NA,NA,NA,NA,NA,NA,NA,NA,NA,2,2,1,2,32,22,16,24,11,11,7,7,15,3,3,5,27,29,29,1.4,1.36,NA,1.1,1.19,NA,0.56,0.68,NA,0.46,0.49,NA,1,0,0,0,0,1,0,7.04,6.03,6.869815145,7.838542314,32,5,0.97,0.966666667
40586,G2019S,1,1975,2,2011,36,2012,37,2.05E+11,R02C01,39,1,R01C01,40,V04,R03C01,41,V06,R04C01,42,V08,NA,NA,NA,NA,NA,NA,NA,NA,NA,NA,NA,NA,2,2,2,1,14,43,40,13,9,13,11,8,20,13,12,11,29,27,30,2,1.44,NA,2.79,1.78,NA,0.58,0.42,NA,1.24,0.53,NA,1,0,0,0,0,1,0,13.49,15.31,16.58230872,14.34042175,1,3,1,1
40587,G2019S,2,1950,2,NA,NA,NA,NA,2.04E+11,R06C01,64,1,R05C01,65,V04,R07C01,66,V06,R08C01,67,V08,40586,0.249094,Siblings,NA,NA,NA,NA,NA,NA,NA,NA,NA,0,0,0,0,4,0,5,0,1,2,6,6,0,0,6,3,30,30,30,NA,NA,NA,NA,NA,NA,NA,NA,NA,NA,NA,NA,1,0,0,0,0,1,0,0.98,-2.92,1.509919139,5.567569954,1,#VALUE!,1,1
40590,G2019S,2,1962,1,NA,NA,NA,NA,2.03E+11,R01C01,52,BL,R02C01,53,V04,R03C01,54,V06,R04C01,55,V08,NA,NA,NA,NA,NA,NA,NA,NA,NA,NA,NA,NA,0,0,1,1,2,0,4,6,0,1,1,3,0,0,0,0,28,26,28,NA,NA,NA,NA,NA,NA,NA,NA,NA,NA,NA,NA,0,0,0,0,0,1,0,6.21,7.87,10.57549027,6.867623368,2,#VALUE!,0.93,0.933333333
40591,G2019S,2,1951,1,NA,NA,NA,NA,2.05E+11,R07C01,63,1,R05C01,64,V04,R06C01,65,V06,R08C01,66,V08,40590,0.245949,Siblings,NA,NA,NA,NA,NA,NA,NA,NA,NA,0,0,0,0,1,0,0,0,0,0,0,0,0,0,0,0,28,28,28,NA,NA,NA,NA,NA,NA,NA,NA,NA,NA,NA,NA,0,0,0,0,0,1,0,3.98,5.11,3.542058501,3.799809678,2,#VALUE!,0.93,0.933333333
40592,G2019S,1,1962,1,2007,45,2008,46,2.05E+11,R03C01,52,1,R01C01,53,V04,R02C01,54,V06,R04C01,55,V08,NA,NA,NA,NA,NA,NA,NA,NA,NA,NA,NA,NA,2,2,2,3,18,32,29,37,20,16,24,19,6,6,12,16,27,26,26,1.82,1.05,NA,2.01,1.66,NA,0.96,0.61,NA,0.76,0.61,NA,0,0,0,0,0,1,0,16.99,16.81,18.45504133,18.66122377,3,7,0.87,0.866666667
40593,G2019S,2,1959,1,NA,NA,NA,NA,2.05E+11,R07C01,55,1,R05C01,56,V04,R06C01,57,V06,R08C01,58,V08,40592,0.221071,Siblings,NA,NA,NA,NA,NA,NA,NA,NA,NA,0,0,0,0,3,0,0,4,0,4,2,1,0,0,0,0,29,29,30,NA,NA,NA,NA,NA,NA,NA,NA,NA,NA,NA,NA,0,0,0,0,0,1,0,12.91,12.59,13.81447236,10.76311293,3,#VALUE!,1,1
40594,G2019S,2,1944,2,NA,NA,NA,NA,2.04E+11,R03C01,70,1,R01C01,71,V04,R02C01,72,V06,NA,NA,NA,NA,NA,NA,NA,NA,NA,NA,NA,NA,NA,NA,NA,0,0,2,NA,9,10,19,NA,15,20,20,0,12,17,14,0,23,23,NA,NA,NA,NA,NA,NA,NA,NA,NA,NA,NA,NA,NA,0,0,0,0,0,1,0,-9.3,#VALUE!,-15.48522304,-1.337090839,4,#VALUE!,#VALUE!,#VALUE!
40595,G2019S,1,1967,1,2007,40,2009,42,2.05E+11,R03C01,47,1,R01C01,48,V04,R02C01,49,V06,R04C01,50,V08,NA,NA,NA,NA,NA,NA,NA,NA,NA,NA,NA,NA,2,2,2,2,30,14,14,13,11,5,1,4,8,12,2,1,30,29,29,1.39,1.21,NA,1.25,1.63,NA,0.38,0.5,NA,0.61,0.48,NA,0,0,0,0,0,1,0,8.75,13.02,10.21323731,10.07177141,5,7,0.97,0.966666667
40596,G2019S,2,1951,2,NA,NA,NA,NA,2.04E+11,R07C01,63,1,R05C01,64,V04,R06C01,65,V06,R08C01,66,V08,40594,0.127385,2nd Dgree,NA,NA,NA,NA,NA,NA,NA,NA,NA,0,0,0,1,7,10,9,10,7,9,11,4,4,6,8,6,27,28,24,NA,NA,NA,NA,NA,NA,NA,NA,NA,NA,NA,NA,0,0,0,0,0,1,0,-12.53,-10.43,-11.29052101,-7.062138007,4,#VALUE!,0.8,0.8
40599,G2019S,1,1956,1,2008,52,2012,56,2.03E+11,R05C01,58,BL,R06C01,59,V04,R07C01,60,V06,R08C01,61,V08,NA,NA,NA,NA,NA,NA,NA,NA,NA,NA,NA,NA,2,2,2,2,22,21,9,20,7,8,8,8,3,10,2,3,27,28,29,2.58,2.22,NA,2.87,2.13,NA,0.65,0.35,NA,0.52,0.45,NA,0,0,0,0,0,1,0,2.97,9.36,1.783125833,6.172038273,7,6,0.97,0.966666667
40600,G2019S,2,1950,2,NA,NA,NA,NA,2.03E+11,R01C01,64,BL,R02C01,65,V04,R03C01,66,V06,NA,NA,NA,40595,0.129776,2nd Dgree,NA,NA,NA,NA,NA,NA,NA,NA,NA,0,0,0,NA,4,0,0,NA,1,7,5,0,0,2,2,0,21,24,NA,NA,NA,NA,NA,NA,NA,NA,NA,NA,NA,NA,NA,0,0,0,0,0,1,0,-2.22,#VALUE!,-1.772471663,-0.048411042,5,#VALUE!,#VALUE!,#VALUE!
40601,G2019S,2,1932,1,NA,NA,NA,NA,2.05E+11,R02C01,82,1,R01C01,83,V04,R03C01,84,V06,R04C01,85,V08,40596,0.110079,2nd Dgree,40594,0.251166,Siblings,NA,NA,NA,NA,NA,NA,0,0,0,0,2,6,5,1,4,4,0,0,0,0,0,0,23,21,21,NA,NA,NA,NA,NA,NA,NA,NA,NA,NA,NA,NA,0,0,0,0,0,1,0,-1.78,-0.41,-2.321798364,-0.727491459,4,#VALUE!,0.7,0.7
40602,G2019S,2,1937,1,NA,NA,NA,NA,2.05E+11,R06C01,77,1,R05C01,78,V04,R07C01,79,V06,R08C01,80,V08,40601,0.221321,Siblings,40596,0.139209,2nd Dgree,40594,0.298496,Siblings,NA,NA,NA,0,0,0,0,5,12,0,0,13,13,19,15,4,4,10,12,25,27,24,NA,NA,NA,NA,NA,NA,NA,NA,NA,NA,NA,NA,0,0,0,0,0,1,0,-2.96,-1.3,-3.710781565,-2.312410486,4,#VALUE!,0.8,0.8
40603,G2019S,1,1959,1,2010,51,2012,53,2.03E+11,R01C01,55,BL,R02C01,56,V04,R03C01,57,V06,R04C01,58,V08,NA,NA,NA,NA,NA,NA,NA,NA,NA,NA,NA,NA,2,2,2,2,14,12,15,19,9,4,5,5,4,7,4,3,28,29,27,2.66,2.56,NA,2.38,2.1,NA,0.91,0.88,NA,0.58,0.83,NA,0,0,0,0,0,1,0,0.07,0.01,-0.900130212,0.810509725,6,4,0.9,0.9
40604,G2019S,2,1955,1,NA,NA,NA,NA,2.03E+11,R05C01,59,BL,R06C01,60,V04,R07C01,61,V06,R08C01,62,V08,NA,NA,NA,NA,NA,NA,NA,NA,NA,NA,NA,NA,0,0,0,0,7,8,1,5,0,2,1,0,0,0,0,0,30,30,28,NA,NA,NA,NA,NA,NA,NA,NA,NA,NA,NA,NA,0,0,0,0,0,1,0,2.63,3.49,4.220397492,8.162854282,33,#VALUE!,0.93,0.933333333
40606,G2019S,2,1947,1,NA,NA,NA,NA,2.04E+11,R06C01,67,1,R05C01,68,V04,R07C01,69,V06,R08C01,70,V08,NA,NA,NA,NA,NA,NA,NA,NA,NA,NA,NA,NA,0,0,0,1,12,15,8,10,2,3,3,2,0,0,0,0,27,29,26,NA,NA,NA,NA,NA,NA,NA,NA,NA,NA,NA,NA,0,0,0,0,0,1,0,2.39,0.37,1.781865495,3.765899395,4,#VALUE!,0.87,0.866666667
40607,G2019S,1,1944,2,2008,64,2008,64,2.05E+11,R02C01,70,1,R01C01,71,V04,R03C01,72,V06,R04C01,73,V08,NA,NA,NA,NA,NA,NA,NA,NA,NA,NA,NA,NA,2,2,2,3,22,33,24,30,0,1,3,7,3,2,25,21,28,23,21,2.06,1.65,NA,2.32,1.91,NA,0.57,0.73,NA,1.13,0.89,NA,0,0,0,0,0,1,0,1.88,2.8,5.319275593,2.633566879,34,6,0.7,0.7
40609,G2019S,2,1946,2,NA,NA,NA,NA,2.03E+11,R01C01,68,BL,R02C01,69,V04,R03C01,70,V06,R04C01,71,V08,40603,0.259019,Siblings,40608,0.246524,Siblings,NA,NA,NA,NA,NA,NA,0,0,0,0,2,4,0,4,5,1,2,2,0,0,0,0,26,25,25,NA,NA,NA,NA,NA,NA,NA,NA,NA,NA,NA,NA,0,0,0,0,0,1,0,-1.53,0.17,1.58255176,0.322444036,6,#VALUE!,0.83,0.833333333
40610,G2019S,2,1958,1,NA,NA,NA,NA,2.05E+11,R02C01,56,1,R01C01,57,V04,R03C01,58,V06,R04C01,59,V08,40602,0.253738,Siblings,40601,0.119782,2nd Dgree,40596,0.0898972,2nd Dgree,40594,0.139999,2nd Dgree,0,0,0,1,1,2,11,8,0,4,0,1,0,0,0,0,22,26,24,NA,NA,NA,NA,NA,NA,NA,NA,NA,NA,NA,NA,0,0,0,0,0,1,0,6.49,11.06,7.982781467,11.8309372,4,#VALUE!,0.8,0.8
40611,G2019S,2,1948,1,NA,NA,NA,NA,2.04E+11,R02C01,66,1,R01C01,67,V04,R03C01,68,V06,R04C01,69,V08,40600,0.255708,Siblings,40595,0.250644,Siblings,NA,NA,NA,NA,NA,NA,1,0,2,1,12,10,11,9,2,2,2,1,2,2,1,2,23,21,NA,NA,NA,NA,NA,NA,NA,NA,NA,NA,NA,NA,NA,0,0,0,0,0,1,0,1.01,0.57,-3.623218345,1.432531327,5,#VALUE!,#VALUE!,#VALUE!
40613,G2019S,2,1963,2,NA,NA,NA,NA,2.04E+11,R02C01,51,1,R01C01,52,V04,R03C01,53,V06,R04C01,54,V08,40599,0.232451,Siblings,NA,NA,NA,NA,NA,NA,NA,NA,NA,0,0,0,0,10,7,0,7,2,6,4,4,2,5,3,3,28,28,29,NA,NA,NA,NA,NA,NA,NA,NA,NA,NA,NA,NA,0,0,0,0,0,1,0,4.04,9.11,1.480555685,4.304714221,7,#VALUE!,0.97,0.966666667
40614,G2019S,2,1945,1,NA,NA,NA,NA,2.04E+11,R06C01,69,1,R05C01,70,V04,R07C01,71,V06,R08C01,72,V08,NA,NA,NA,NA,NA,NA,NA,NA,NA,NA,NA,NA,0,0,0,0,4,0,3,5,6,13,8,8,0,6,5,2,27,26,30,NA,NA,NA,NA,NA,NA,NA,NA,NA,NA,NA,NA,0,0,0,0,0,1,0,10.36,9.85,8.331308511,12.52400662,35,#VALUE!,1,1
40617,G2019S,2,1949,2,NA,NA,NA,NA,2.03E+11,R01C01,65,BL,R02C01,66,V04,R03C01,67,V06,R04C01,68,V08,NA,NA,NA,NA,NA,NA,NA,NA,NA,NA,NA,NA,0,0,0,0,13,11,11,9,3,4,5,8,1,2,2,1,25,28,24,NA,NA,NA,NA,NA,NA,NA,NA,NA,NA,NA,NA,0,0,0,0,0,1,0,5.05,6.45,2.391397879,9.218980878,36,#VALUE!,0.8,0.8
40618,G2019S,2,1956,1,NA,NA,NA,NA,2.05E+11,R05C01,59,BL,R06C01,60,V04,R07C01,61,V06,R08C01,61,V08,40601,0.13288,2nd Dgree,40602,0.133083,2nd Dgree,40594,0.120812,2nd Dgree,NA,NA,NA,0,0,0,NA,0,7,4,NA,2,3,8,0,0,0,0,0,30,NA,NA,NA,NA,NA,NA,NA,NA,NA,NA,NA,NA,NA,NA,0,0,0,0,0,1,0,0.38,-0.65,0.341422802,4.121959812,4,#VALUE!,#VALUE!,#VALUE!
40619,G2019S,2,1964,1,NA,NA,NA,NA,2.04E+11,R02C01,51,1,R03C01,52,V04,R04C01,53,V06,R01C01,54,V08,NA,NA,NA,NA,NA,NA,NA,NA,NA,NA,NA,NA,0,0,1,1,6,5,9,6,0,2,1,1,0,0,0,0,28,28,28,NA,NA,NA,NA,NA,NA,NA,NA,NA,NA,NA,NA,0,0,0,0,0,1,0,3.81,2.52,7.325759056,5.029882707,37,#VALUE!,0.93,0.933333333
40621,G2019S,2,1964,2,NA,NA,NA,NA,2.05E+11,R06C01,52,1,R07C01,53,V04,R08C01,53,V06,R05C01,55,V08,40608,0.138257,2nd Dgree,NA,NA,NA,NA,NA,NA,NA,NA,NA,0,1,NA,1,3,5,NA,3,12,2,0,7,8,0,0,1,27,NA,30,NA,NA,NA,NA,NA,NA,NA,NA,NA,NA,NA,NA,0,0,0,0,0,1,0,7.4,10.23,9.415377228,11.37972325,6,#VALUE!,1,1
40671,G2019S,1,1955,2,2003,48,2014,59,2.05E+11,R02C01,60,1,R03C01,61,V04,R04C01,62,V06,R01C01,63,V08,NA,NA,NA,NA,NA,NA,NA,NA,NA,NA,NA,NA,2,2,2,NA,33,19,45,NA,8,9,8,0,3,4,6,0,27,29,NA,1.8,NA,NA,1.84,NA,NA,0.82,NA,NA,0.5,NA,NA,0,0,0,0,0,1,0,6.62,9.84,10.29131439,4.674026372,14,12,#VALUE!,#VALUE!
40691,G2019S,1,1939,1,2010,71,2012,73,2.05E+11,R06C01,75,1,R05C01,76,V04,R07C01,77,V06,R08C01,78,V08,NA,NA,NA,NA,NA,NA,NA,NA,NA,NA,NA,NA,2,2,2,3,18,20,29,33,8,9,8,17,5,7,13,15,22,27,26,1.97,1.46,NA,1.39,1.14,NA,0.58,0.75,NA,0.46,0.32,NA,1,1,0,0,0,1,0,2.7,1.32,0.763163317,-0.948700365,38,4,0.87,0.866666667
40707,G2019S,1,1946,1,2011,65,2012,66,2.04E+11,R01C01,68,BL,R04C01,69,V04,R02C01,70,V06,R03C01,71,V08,NA,NA,NA,NA,NA,NA,NA,NA,NA,NA,NA,NA,2,3,3,2,31,36,34,25,5,15,10,4,12,15,21,6,21,20,18,2.51,1.69,NA,1.54,1.36,NA,0.99,0.94,NA,0.86,0.68,NA,1,0,0,0,0,1,1,1.91,2.16,2.093733836,5.760218177,39,3,0.6,0.6
40709,G2019S,1,1950,1,2012,62,2014,64,2.04E+11,R02C01,64,1,R01C01,65,V04,R03C01,66,V06,R04C01,67,V08,NA,NA,NA,NA,NA,NA,NA,NA,NA,NA,NA,NA,1,1,1,2,9,16,16,26,4,1,2,1,2,4,3,4,24,25,27,2.64,2.41,NA,2.53,2.57,NA,0.77,0.85,NA,1.27,0.99,NA,1,0,0,0,0,1,1,-0.28,-1.95,-2.887722278,1.688023147,40,2,0.9,0.9
40781,G2019S,1,1965,2,2011,46,2013,48,2.03E+11,R03C01,49,1,R02C01,51,V04,R04C01,51,V06,R01C01,52,V08,NA,NA,NA,NA,NA,NA,NA,NA,NA,NA,NA,NA,2,2,2,2,28,21,17,14,6,12,10,13,6,5,6,13,25,26,25,2.12,1.47,NA,1.64,1.49,NA,0.57,0.51,NA,0.62,0.43,NA,0,0,0,0,0,1,0,6.95,7.6,6.608755319,13.21169548,41,3,0.83,0.833333333
40800,G2019S,1,1935,2,2008,73,2008,73,2.03E+11,R05C01,79,BL,R06C01,80,V04,R07C01,81,V06,R08C01,82,V08,NA,NA,NA,NA,NA,NA,NA,NA,NA,NA,NA,NA,2,2,2,3,31,23,24,25,6,12,15,8,21,19,19,14,29,27,27,1.38,0.97,NA,1.68,1.2,NA,0.51,0.28,NA,0.68,0.19,NA,0,0,0,0,0,1,0,-4.46,-6.52,-3.486769603,0.516894242,42,6,0.9,0.9
40816,G2019S,1,1947,2,2015,68,2016,69,2.05E+11,R05C01,71,BL,R06C01,72,V04,R07C01,73,V06,NA,NA,NA,NA,NA,NA,NA,NA,NA,NA,NA,NA,NA,NA,NA,2,2,3,NA,18,16,26,NA,16,9,19,0,8,4,9,0,27,24,NA,2.86,NA,NA,2.58,NA,NA,1.15,NA,NA,1.79,NA,NA,0,0,0,0,0,1,0,1.93,#VALUE!,-1.714061655,0.981036429,43,3,#VALUE!,#VALUE!
40882,G2019S,1,1952,1,2013,61,2013,61,2.04E+11,R06C01,62,1,R05C01,63,V04,R07C01,64,V06,R08C01,65,V08,NA,NA,NA,NA,NA,NA,NA,NA,NA,NA,NA,NA,2,2,2,2,14,19,15,18,4,2,7,6,0,0,2,3,29,30,29,2.43,1.6,NA,2.19,1.68,NA,1.26,0.96,NA,0.56,0.53,NA,0,0,0,0,0,1,0,-1.41,1.74,-4.991505016,1.183181439,44,1,0.97,0.966666667
41184,G2019S,1,1942,2,2012,70,2014,72,2.04E+11,R05C01,73,BL,R07C01,74,V04,R08C01,75,V06,R06C01,76,V08,NA,NA,NA,NA,NA,NA,NA,NA,NA,NA,NA,NA,2,2,2,2,19,16,19,15,1,6,6,7,1,2,3,4,26,27,22,2.32,2.09,NA,2.36,2.17,NA,0.83,1.15,NA,1.02,1.25,NA,0,0,0,0,0,1,0,-10.08,-3.09,-5.705731805,-3.923387058,46,3,0.73,0.733333333
41282,G2019S,1,1959,1,2008,49,2008,49,2.03E+11,R06C01,55,BL,R07C01,57,V04,NA,NA,NA,R08C01,58,V08,NA,NA,NA,NA,NA,NA,NA,NA,NA,NA,NA,NA,1,1,NA,1,17,4,NA,9,4,3,0,3,6,1,0,5,28,NA,27,2.37,NA,NA,1.91,NA,NA,0.84,NA,NA,0.59,NA,NA,0,0,0,0,0,1,0,3.04,-0.85,2.389885695,#VALUE!,47,6,0.9,0.9
41283,G2019S,2,1963,2,NA,NA,NA,NA,2.03E+11,R01C01,51,BL,R02C01,52,V04,R03C01,54,V06,R04C01,55,V08,NA,NA,NA,NA,NA,NA,NA,NA,NA,NA,NA,NA,0,0,0,0,2,1,0,3,8,1,2,6,0,0,0,0,26,29,27,NA,NA,NA,NA,NA,NA,NA,NA,NA,NA,NA,NA,0,0,0,0,0,1,0,9.81,10.78,10.08272055,13.10264361,48,#VALUE!,0.9,0.9
41285,G2019S,1,1947,1,2011,64,2011,64,2.03E+11,R03C01,68,1,R02C01,69,V04,R04C01,70,V06,R01C01,71,V08,NA,NA,NA,NA,NA,NA,NA,NA,NA,NA,NA,NA,1,2,NA,3,19,26,NA,28,8,8,0,4,14,12,0,3,24,NA,20,NA,NA,NA,NA,NA,NA,NA,NA,NA,NA,NA,NA,0,0,0,0,0,1,0,-4.87,-2.66,-1.073283634,-6.164381168,49,4,0.67,0.666666667
41287,G2019S,1,1944,2,2007,63,2008,64,2.03E+11,R01C01,71,BL,R02C01,72,V04,NA,NA,NA,R03C01,74,V08,NA,NA,NA,NA,NA,NA,NA,NA,NA,NA,NA,NA,2,2,NA,2,33,56,NA,25,5,8,0,3,9,9,0,7,27,NA,28,2.24,NA,NA,1.57,NA,NA,0.43,NA,NA,0.69,NA,NA,0,0,0,0,0,1,0,0.63,5.35,5.885110183,#VALUE!,50,8,0.93,0.933333333
41289,G2019S,1,1948,1,2013,65,2014,66,2.04E+11,R07C01,67,1,R06C01,69,V04,R08C01,69,V06,R05C01,70,V08,NA,NA,NA,NA,NA,NA,NA,NA,NA,NA,NA,NA,1,1,NA,2,6,5,NA,17,6,13,0,8,1,10,0,7,26,NA,27,1.7,NA,NA,1.78,NA,NA,0.56,NA,NA,0.41,NA,NA,0,0,0,0,0,1,0,1.39,2.34,0.35193503,-3.686279233,51,2,0.9,0.9
41292,G2019S,2,1961,2,NA,NA,NA,NA,2.04E+11,R06C01,54,1,R07C01,56,V04,R08C01,56,V06,R05C01,57,V08,NA,NA,NA,NA,NA,NA,NA,NA,NA,NA,NA,NA,0,0,0,0,4,2,6,4,0,2,1,1,0,0,0,0,25,27,26,NA,NA,NA,NA,NA,NA,NA,NA,NA,NA,NA,NA,0,0,0,0,0,1,0,2.84,4.89,5.594205336,0.521169726,52,#VALUE!,0.87,0.866666667
41293,G2019S,1,1947,2,2012,65,2013,66,2.04E+11,R02C01,68,1,R03C01,69,V04,R04C01,70,V06,R01C01,71,V08,NA,NA,NA,NA,NA,NA,NA,NA,NA,NA,NA,NA,1,1,2,2,11,9,22,21,1,2,5,7,4,2,4,7,23,27,29,2.32,2.49,NA,2.24,1.94,NA,0.91,0.77,NA,0.79,0.73,NA,0,0,0,0,0,1,0,1.38,-0.27,2.621844195,-0.845799161,53,3,0.97,0.966666667
41295,G2019S,1,1965,1,2013,48,2013,48,2.03E+11,R05C01,50,BL,R06C01,52,V04,R07C01,52,V06,R08C01,53,V08,NA,NA,NA,NA,NA,NA,NA,NA,NA,NA,NA,NA,1,2,1,1,18,19,18,12,11,10,9,12,7,9,7,9,30,29,29,NA,NA,NA,NA,NA,NA,NA,NA,NA,NA,NA,NA,0,0,0,0,0,1,0,13.16,10.14,11.55454261,11.69654749,54,2,0.97,0.966666667
41296,G2019S,2,1947,2,NA,NA,NA,NA,2.05E+11,R03C01,69,1,R04C01,70,V04,R01C01,71,V06,R02C01,72,V08,NA,NA,NA,NA,NA,NA,NA,NA,NA,NA,NA,NA,0,0,0,0,1,2,0,1,0,0,0,0,0,0,0,0,23,24,26,NA,NA,NA,NA,NA,NA,NA,NA,NA,NA,NA,NA,0,0,0,0,0,1,0,-8.05,-6.08,-6.770693974,-35.50791218,55,#VALUE!,0.87,0.866666667
41297,G2019S,2,1943,2,NA,NA,NA,NA,2.04E+11,R02C01,72,1,R03C01,73,V04,R04C01,74,V06,R01C01,75,V08,NA,NA,NA,NA,NA,NA,NA,NA,NA,NA,NA,NA,0,0,0,0,0,1,2,0,6,8,9,1,1,2,2,0,20,23,21,NA,NA,NA,NA,NA,NA,NA,NA,NA,NA,NA,NA,0,0,0,0,0,1,0,6.15,3.64,5.556653751,4.054514291,56,#VALUE!,0.7,0.7
41305,G2019S,1,1950,1,2006,56,2008,58,2.03E+11,R05C01,65,BL,R06C01,67,V04,R07C01,67,V06,R08C01,68,V08,NA,NA,NA,NA,NA,NA,NA,NA,NA,NA,NA,NA,1,2,2,2,13,35,26,25,4,6,3,3,5,10,9,3,27,27,27,NA,NA,NA,NA,NA,NA,NA,NA,NA,NA,NA,NA,0,0,0,0,0,1,0,11.9,9.87,10.38483152,10.82308496,57,9,0.9,0.9
41307,G2019S,2,1963,1,NA,NA,NA,NA,2.03E+11,R04C01,52,BL,R05C01,54,V04,R06C01,54,V06,NA,NA,NA,NA,NA,NA,NA,NA,NA,NA,NA,NA,NA,NA,NA,0,0,0,0,0,0,0,0,0,0,0,0,0,0,0,0,27,26,29,NA,NA,NA,NA,NA,NA,NA,NA,NA,NA,NA,NA,0,0,0,0,0,1,0,7.84,#VALUE!,10.11809101,11.8675159,58,#VALUE!,0.97,0.966666667
41342,G2019S,2,1948,1,NA,NA,NA,NA,2.05E+11,R03C01,68,1,R04C01,69,V04,R01C01,71,V06,R02C01,72,V08,NA,NA,NA,NA,NA,NA,NA,NA,NA,NA,NA,NA,1,1,2,2,9,15,21,20,7,12,3,7,3,2,2,8,29,NA,26,NA,NA,NA,NA,NA,NA,NA,NA,NA,NA,NA,NA,0,0,0,0,0,1,0,-3.24,-0.36,1.125624035,2.246023866,59,#VALUE!,0.87,0.866666667
41343,G2019S,2,1942,2,NA,NA,NA,NA,2.05E+11,R07C01,74,1,R08C01,75,V04,R05C01,76,V06,R06C01,77,V08,NA,NA,NA,NA,NA,NA,NA,NA,NA,NA,NA,NA,0,0,0,0,2,0,1,3,11,9,5,4,0,0,0,3,28,27,28,NA,NA,NA,NA,NA,NA,NA,NA,NA,NA,NA,NA,0,0,0,0,0,1,0,-5.08,-7.74,-5.902613173,-9.284858248,60,#VALUE!,0.93,0.933333333
41380,G2019S,1,1954,1,2008,54,2010,56,2.03E+11,R05C01,60,BL,R06C01,61,V04,R07C01,62,V06,R08C01,63,V08,NA,NA,NA,NA,NA,NA,NA,NA,NA,NA,NA,NA,3,2,2,2,23,17,19,46,11,9,7,6,16,11,17,17,26,27,28,1.09,0.82,NA,1.07,0.77,NA,0.45,0.49,NA,0.56,0.28,NA,1,0,0,0,0,1,0,2.39,-1.22,7.366971632,3.122685091,61,6,0.93,0.933333333
41382,G2019S,1,1955,2,2011,56,2011,56,2.03E+11,R05C01,59,BL,R06C01,60,V04,R07C01,61,V06,R08C01,62,V08,NA,NA,NA,NA,NA,NA,NA,NA,NA,NA,NA,NA,2,2,2,0,34,26,13,11,3,5,5,2,7,12,12,9,27,26,27,1.9,1.73,NA,1.57,1.09,NA,0.61,0.69,NA,0.49,0.5,NA,1,0,0,0,0,1,0,5.64,5.48,7.387085645,3.728365263,62,3,0.9,0.9
41384,G2019S,1,1953,1,2009,56,2010,57,2.05E+11,R02C01,61,1,R01C01,62,V04,R03C01,63,V06,R04C01,64,V08,NA,NA,NA,NA,NA,NA,NA,NA,NA,NA,NA,NA,2,2,2,2,16,16,18,15,4,2,3,4,3,6,7,9,26,29,30,1.48,1.25,NA,2.22,1.54,NA,0.5,0.43,NA,1.03,0.72,NA,1,0,0,0,0,1,0,3.89,3.1,3.863593619,3.319696557,63,5,1,1
41399,G2019S,1,1965,1,2009,44,2009,44,2.03E+11,R01C01,49,BL,R02C01,50,V04,R03C01,51,V06,R04C01,52,V08,NA,NA,NA,NA,NA,NA,NA,NA,NA,NA,NA,NA,1,1,1,1,6,10,3,4,4,5,7,6,2,2,2,1,28,27,28,1.54,1.16,NA,1.01,0.93,NA,0.83,0.58,NA,0.57,0.4,NA,1,0,0,0,0,1,0,6.34,7.22,7.624714839,4.469740032,8,5,0.93,0.933333333
41400,G2019S,1,1964,1,2008,44,2010,46,2.04E+11,R06C01,50,1,R05C01,51,V04,R07C01,52,V06,R08C01,53,V08,NA,NA,NA,NA,NA,NA,NA,NA,NA,NA,NA,NA,2,2,2,2,18,37,16,56,17,27,17,3,40,38,7,10,NA,12,19,1.41,1.23,NA,1.04,0.74,NA,0.55,0.51,NA,0.36,0.4,NA,0,0,0,0,0,1,0,8.57,6.39,8.985872596,5.718398946,64,6,0.63,0.633333333
41410,G2019S,1,1970,1,2013,43,2014,44,2.03E+11,R01C01,44,BL,R02C01,45,V04,R03C01,46,V06,R04C01,47,V08,NA,NA,NA,NA,NA,NA,NA,NA,NA,NA,NA,NA,1,1,1,1,5,7,8,2,6,5,4,4,0,1,1,1,29,30,30,2.16,1.56,NA,2.24,1.48,NA,0.76,0.61,NA,0.92,0.59,NA,1,0,0,0,0,1,0,14.26,18.55,13.66364995,11.6559393,65,1,1,1
41412,G2019S,1,1969,1,2010,41,2010,41,2.04E+11,R06C01,45,1,R05C01,46,V04,R07C01,47,V06,R08C01,48,V08,NA,NA,NA,NA,NA,NA,NA,NA,NA,NA,NA,NA,2,2,2,2,26,15,22,43,24,12,14,10,8,12,11,10,27,25,25,1.93,1.58,NA,1.61,1.15,NA,0.8,0.57,NA,0.66,0.65,NA,1,0,0,0,0,1,0,7.15,2.99,10.68864174,7.224491424,66,4,0.83,0.833333333
41420,G2019S,1,1950,2,2007,57,2014,64,2.04E+11,R07C01,64,1,R06C01,65,V04,R08C01,67,V06,R05C01,68,V08,NA,NA,NA,NA,NA,NA,NA,NA,NA,NA,NA,NA,2,2,2,2,40,32,18,14,13,11,18,15,14,6,16,18,28,27,30,0.98,0.7,NA,0.91,0.79,NA,0.4,0.44,NA,0.35,0.25,NA,1,0,0,0,0,1,0,1.16,-0.59,4.971153184,2.256270372,10,7,1,1
41471,G2019S,2,1964,2,NA,NA,NA,NA,2.05E+11,R06C01,50,1,R05C01,51,V04,R07C01,52,V06,R08C01,53,V08,NA,NA,NA,NA,NA,NA,NA,NA,NA,NA,NA,NA,0,0,0,0,3,0,2,6,2,6,7,7,0,0,0,0,27,27,29,NA,NA,NA,NA,NA,NA,NA,NA,NA,NA,NA,NA,0,0,0,0,0,1,0,10.27,11.77,12.24539522,6.45948663,67,#VALUE!,0.97,0.966666667
41486,G2019S,1,1951,2,2012,61,2013,62,2.04E+11,R06C01,64,1,R07C01,65,V04,R08C01,66,V06,R05C01,67,V08,NA,NA,NA,NA,NA,NA,NA,NA,NA,NA,NA,NA,2,2,2,2,18,29,35,32,19,21,17,19,12,11,13,13,27,29,27,1.81,1.24,NA,2.37,1.33,NA,0.98,0.23,NA,0.83,0.43,NA,0,0,0,0,0,1,0,1.21,2.55,0.208932926,-3.318207013,68,3,0.9,0.9
41488,G2019S,1,1945,2,2012,67,2012,67,2.05E+11,R06C01,70,1,R07C01,71,V04,R08C01,72,V06,R05C01,73,V08,NA,NA,NA,NA,NA,NA,NA,NA,NA,NA,NA,NA,2,2,2,2,26,23,26,39,0,3,5,6,0,18,22,20,26,28,23,1.93,NA,NA,1.36,NA,NA,0.48,NA,NA,0.68,NA,NA,0,0,0,0,0,0,0,3.74,6.48,6.858873299,-1.940270261,69,3,0.77,0.766666667
41508,G2019S,1,1940,1,2009,69,2010,70,2.03E+11,R05C01,75,BL,R06C01,76,V04,R07C01,77,V06,R08C01,78,V08,NA,NA,NA,NA,NA,NA,NA,NA,NA,NA,NA,NA,3,2,1,2,30,25,13,30,12,7,5,3,9,9,8,8,18,22,20,0.6,0.49,NA,0.79,0.9,NA,0.17,0.21,NA,0.24,0.27,NA,1,0,0,0,0,1,0,-1.34,-2.31,-3.183752068,-6.304070169,70,6,0.67,0.666666667
41521,G2019S,1,1943,1,2010,67,2012,69,2.05E+11,R06C01,72,1,R07C01,73,V04,R08C01,74,V06,R05C01,75,V08,NA,NA,NA,NA,NA,NA,NA,NA,NA,NA,NA,NA,2,2,2,2,14,20,14,14,8,6,8,4,3,6,5,4,24,23,22,1.35,1.38,NA,1.27,1.29,NA,0.56,0.68,NA,0.53,0.75,NA,1,0,0,0,0,1,0,2.16,0.66,2.34014388,3.408721983,71,5,0.73,0.733333333
41522,G2019S,1,1957,1,2013,56,2014,57,2.05E+11,R02C01,58,1,R03C01,59,V04,R04C01,60,V06,R01C01,61,V08,NA,NA,NA,NA,NA,NA,NA,NA,NA,NA,NA,NA,2,2,2,2,9,13,24,16,0,3,9,5,0,6,3,4,26,28,30,2.05,2.03,NA,2.08,1.49,NA,0.61,0.82,NA,0.94,0.65,NA,1,0,0,0,0,1,0,8.69,9.6,8.100986058,11.35767249,72,2,1,1
41560,G2019S,2,1943,2,NA,NA,NA,NA,2.05E+11,R05C01,72,BL,R06C01,73,V04,R07C01,74,V06,R08C01,74,V07,41399,0.130555,2nd Dgree,NA,NA,NA,NA,NA,NA,NA,NA,NA,0,0,0,NA,0,4,11,NA,3,2,2,0,2,2,0,0,25,24,NA,NA,NA,NA,NA,NA,NA,NA,NA,NA,NA,NA,NA,1,0,0,0,0,1,0,3.7,8.98,9.564087429,6.372228364,8,#VALUE!,#VALUE!,#VALUE!
41562,G2019S,2,1954,1,NA,NA,NA,NA,2.05E+11,R02C01,61,1,R03C01,62,V04,R04C01,63,V06,R01C01,64,V08,40553,0.247101,Siblings,NA,NA,NA,NA,NA,NA,NA,NA,NA,0,0,0,0,0,5,4,5,6,5,5,3,0,1,0,0,27,29,27,NA,NA,NA,NA,NA,NA,NA,NA,NA,NA,NA,NA,1,0,0,0,0,1,0,4.11,2.03,1.894201527,2.959542233,9,#VALUE!,0.9,0.9
41578,G2019S,1,1946,1,2014,68,2015,69,2.03E+11,R05C01,69,BL,R06C01,70,V04,R07C01,71,V06,R08C01,72,V08,NA,NA,NA,NA,NA,NA,NA,NA,NA,NA,NA,NA,2,2,2,1,18,18,13,19,5,2,1,2,5,5,2,2,23,23,20,2.97,3.13,NA,3.06,3.21,NA,1.9,2.1,NA,2.27,2.29,NA,1,0,0,0,0,1,0,3.51,-2.06,-1.151735661,-2.39179651,73,1,0.67,0.666666667
41749,G2019S,1,1957,1,2013,56,2015,58,2.05E+11,R07C01,59,1,R08C01,60,V04,R05C01,61,V06,R06C01,62,V08,NA,NA,NA,NA,NA,NA,NA,NA,NA,NA,NA,NA,2,2,3,3,29,20,40,44,7,9,14,11,6,8,11,14,27,25,25,1.64,1.65,NA,1.6,1.01,NA,0.51,0.59,NA,0.36,0.28,NA,0,0,0,0,0,1,0,8.86,10.89,11.36554241,6.169204146,74,3,0.83,0.833333333
41767,G2019S,1,1940,1,2015,75,2015,75,2.05E+11,R08C01,77,1,R05C01,78,V04,R06C01,79,V06,R07C01,80,V08,NA,NA,NA,NA,NA,NA,NA,NA,NA,NA,NA,NA,2,3,3,3,17,25,24,25,14,18,14,10,4,16,26,9,24,22,20,3.2,NA,NA,2.66,NA,NA,1.9,NA,NA,2.19,NA,NA,0,0,0,0,0,1,0,-12.3,-7.4,-5.999432869,-13.50457675,75,2,0.67,0.666666667
41829,G2019S,1,1946,2,2010,64,2012,66,2.05E+11,R08C01,71,1,R05C01,72,V04,R06C01,73,V06,R07C01,74,V08,NA,NA,NA,NA,NA,NA,NA,NA,NA,NA,NA,NA,2,2,2,2,39,32,35,13,2,2,1,3,2,3,3,2,26,28,28,1.6,NA,NA,1.31,NA,NA,0.47,NA,NA,0.25,NA,NA,0,0,0,0,0,1,0,3.91,2.66,5.760311828,2.27786382,76,7,0.93,0.933333333
41984,G2019S,2,1954,1,NA,NA,NA,NA,2.05E+11,R03C01,62,1,R04C01,63,V04,R01C01,64,V06,R02C01,66,V09,41420,0.265746,Siblings,NA,NA,NA,NA,NA,NA,NA,NA,NA,0,0,NA,NA,2,0,NA,NA,1,3,0,0,2,2,0,0,30,NA,NA,NA,NA,NA,NA,NA,NA,NA,NA,NA,NA,NA,NA,1,0,0,0,0,1,0,3.05,-1.73,-2.471897265,-0.473645166,10,#VALUE!,#VALUE!,#VALUE!
41985,G2019S,1,1960,2,2011,51,2012,52,2.05E+11,R07C01,56,1,R08C01,57,V04,R05C01,58,V06,R06C01,59,V08,NA,NA,NA,NA,NA,NA,NA,NA,NA,NA,NA,NA,2,2,2,2,26,28,35,36,2,6,3,6,3,12,1,16,30,27,26,1.93,NA,NA,2.45,NA,NA,0.76,NA,NA,0.83,NA,NA,0,0,0,0,0,0,1,5.12,-2.32,2.873036231,-1.293582067,77,5,0.87,0.866666667
42001,G2019S,2,1943,2,NA,NA,NA,NA,2.05E+11,R03C01,73,1,R04C01,75,V04,R01C01,76,V06,R02C01,76,V07,NA,NA,NA,NA,NA,NA,NA,NA,NA,NA,NA,NA,0,0,0,NA,0,0,8,NA,0,2,1,0,0,0,0,0,29,28,NA,NA,NA,NA,NA,NA,NA,NA,NA,NA,NA,NA,NA,1,0,0,0,0,1,0,2.01,0.48,7.823850534,0.357852496,78,#VALUE!,#VALUE!,#VALUE!
42006,G2019S,2,1961,1,NA,NA,NA,NA,2.05E+11,R08C01,56,1,R05C01,57,V04,R06C01,58,V06,R07C01,58,V07,NA,NA,NA,NA,NA,NA,NA,NA,NA,NA,NA,NA,0,0,0,NA,0,0,1,NA,8,9,6,0,0,1,1,0,28,29,NA,NA,NA,NA,NA,NA,NA,NA,NA,NA,NA,NA,NA,1,0,0,0,0,1,0,4.8,7.62,5.855982844,4.288995673,79,#VALUE!,#VALUE!,#VALUE!
42024,G2019S,2,1953,2,NA,NA,NA,NA,2.05E+11,R08C01,64,1,R05C01,66,V04,R06C01,66,V06,R07C01,67,V07,42014,0.259404,Siblings,NA,NA,NA,NA,NA,NA,NA,NA,NA,0,0,0,NA,0,3,1,NA,1,5,8,0,0,2,1,0,23,25,NA,NA,NA,NA,NA,NA,NA,NA,NA,NA,NA,NA,NA,1,0,0,0,0,1,0,0.87,2.86,4.545108005,4.744169244,80,#VALUE!,#VALUE!,#VALUE!
42126,G2019S,2,1962,1,NA,NA,NA,NA,2.05E+11,R07C01,54,1,R08C01,55,V04,R05C01,56,V06,R06C01,57,V08,NA,NA,NA,NA,NA,NA,NA,NA,NA,NA,NA,NA,0,2,0,0,1,8,0,0,5,2,2,0,0,1,1,0,23,27,30,NA,NA,NA,NA,NA,NA,NA,NA,NA,NA,NA,NA,1,0,0,0,0,1,0,-0.61,2.44,6.074082256,2.845640657,81,#VALUE!,1,1
42134,G2019S,2,1957,2,NA,NA,NA,NA,2.05E+11,R03C01,59,1,R04C01,60,V04,R01C01,61,V06,R02C01,63,V09,NA,NA,NA,NA,NA,NA,NA,NA,NA,NA,NA,NA,0,0,0,NA,3,1,0,NA,1,2,0,0,0,0,0,0,28,30,NA,NA,NA,NA,NA,NA,NA,NA,NA,NA,NA,NA,NA,1,0,0,0,0,1,0,9.48,5.03,9.520049027,5.713403209,82,#VALUE!,#VALUE!,#VALUE!
42171,G2019S,1,1969,2,2012,43,2013,44,2.04E+11,R02C01,47,1,R03C01,47,V04,R01C01,48,V06,R04C01,49,V08,NA,NA,NA,NA,NA,NA,NA,NA,NA,NA,NA,NA,2,2,2,2,24,35,29,25,6,13,6,9,8,9,8,9,29,29,29,2.82,2.34,NA,2.29,2.02,NA,1.14,0.74,NA,0.85,0.75,NA,0,0,0,0,0,1,0,11.96,9.04,11.48358367,12.38128564,83,4,0.97,0.966666667
42240,G2019S,2,1944,2,NA,NA,NA,NA,2.05E+11,R03C01,72,1,R04C01,73,V04,R01C01,74,V06,R02C01,75,V08,NA,NA,NA,NA,NA,NA,NA,NA,NA,NA,NA,NA,NA,1,0,0,NA,7,0,2,0,5,5,0,0,0,0,0,27,29,28,NA,NA,NA,NA,NA,NA,NA,NA,NA,NA,NA,NA,0,0,0,0,0,1,0,5.03,2.99,9.273003371,4.046870093,84,#VALUE!,0.93,0.933333333
42306,G2019S,2,1960,2,NA,NA,NA,NA,2.05E+11,R03C01,56,1,R04C01,57,V04,R01C01,58,V06,R02C01,59,V08,42305,0.250461,Siblings,NA,NA,NA,NA,NA,NA,NA,NA,NA,0,0,0,0,1,0,0,2,8,7,2,6,1,1,1,1,29,30,30,NA,NA,NA,NA,NA,NA,NA,NA,NA,NA,NA,NA,0,0,0,0,0,1,0,6.12,8.96,7.400540482,8.950063448,85,#VALUE!,1,1
42346,G2019S,1,1961,2,2012,51,2016,55,2.05E+11,R07C01,55,1,R08C01,57,V04,R05C01,57,V06,R06C01,58,V08,NA,NA,NA,NA,NA,NA,NA,NA,NA,NA,NA,NA,1,1,1,2,21,12,7,13,3,3,5,8,1,1,2,10,28,30,21,2.44,NA,NA,2.27,NA,NA,0.96,NA,NA,0.72,NA,NA,0,0,0,0,0,1,0,7.04,10.9,2.346119536,6.204638934,86,4,0.7,0.7
42351,G2019S,1,1967,2,2014,47,2015,48,2.05E+11,R03C01,49,1,R04C01,50,V04,R01C01,51,V06,R02C01,52,V08,NA,NA,NA,NA,NA,NA,NA,NA,NA,NA,NA,NA,2,2,2,2,17,29,29,18,3,5,0,6,10,14,5,11,29,28,29,1.9,NA,NA,2.24,NA,NA,0.84,NA,NA,0.8,NA,NA,0,0,0,0,0,1,0,9.37,11.22,10.02439261,9.835936269,87,2,0.97,0.966666667
42429,G2019S,1,1948,1,2008,60,2010,62,2.05E+11,R07C01,68,1,R08C01,69,V04,R05C01,70,V06,R06C01,71,V08,NA,NA,NA,NA,NA,NA,NA,NA,NA,NA,NA,NA,2,1,2,2,18,21,13,18,1,3,2,6,4,3,7,4,25,28,30,NA,NA,NA,NA,NA,NA,NA,NA,NA,NA,NA,NA,0,0,0,0,0,1,0,1.55,2.27,8.569592747,2.364184767,88,8,1,1
42443,G2019S,2,1957,2,NA,NA,NA,NA,2.05E+11,R03C01,59,1,R04C01,60,V04,R01C01,61,V06,R02C01,62,V08,NA,NA,NA,NA,NA,NA,NA,NA,NA,NA,NA,NA,0,0,0,0,1,1,0,2,0,0,0,1,0,0,0,2,29,26,27,NA,NA,NA,NA,NA,NA,NA,NA,NA,NA,NA,NA,0,0,0,0,0,1,0,8.54,5.7,2.939059303,7.916105862,89,#VALUE!,0.9,0.9
42444,G2019S,2,1948,1,NA,NA,NA,NA,2.05E+11,R07C01,68,1,R08C01,69,V04,R05C01,70,V06,R06C01,71,V08,NA,NA,NA,NA,NA,NA,NA,NA,NA,NA,NA,NA,0,0,0,0,0,7,1,0,1,0,2,1,0,0,0,0,29,30,28,NA,NA,NA,NA,NA,NA,NA,NA,NA,NA,NA,NA,0,0,0,0,0,1,0,1.54,-0.04,0.613476194,1.022432613,90,#VALUE!,0.93,0.933333333
42445,G2019S,2,1945,2,NA,NA,NA,NA,2.05E+11,R07C01,71,1,R08C01,73,V04,R05C01,74,V06,R06C01,74,V08,NA,NA,NA,NA,NA,NA,NA,NA,NA,NA,NA,NA,0,0,0,0,1,0,0,2,2,4,3,1,0,0,0,0,27,24,20,NA,NA,NA,NA,NA,NA,NA,NA,NA,NA,NA,NA,0,0,0,0,0,1,0,5.02,3.31,4.137752061,-1.901660275,91,#VALUE!,0.67,0.666666667
42448,G2019S,1,1953,1,2010,57,2010,57,2.05E+11,R04C01,63,1,R01C01,65,V04,R02C01,66,V06,R03C01,66,V08,NA,NA,NA,NA,NA,NA,NA,NA,NA,NA,NA,NA,2,2,2,3,35,34,22,37,10,6,4,7,17,14,10,12,26,25,27,2.02,NA,NA,2.4,NA,NA,0.65,NA,NA,0.78,NA,NA,0,0,0,0,0,1,0,4.68,4.19,3.878764611,3.996379301,92,6,0.9,0.9
42455,G2019S,1,1960,2,2007,47,2010,50,2.05E+11,R08C01,57,1,R05C01,58,V04,R06C01,59,V06,R07C01,60,V08,NA,NA,NA,NA,NA,NA,NA,NA,NA,NA,NA,NA,2,3,2,2,14,62,29,21,7,8,7,5,9,13,9,12,29,26,25,1.96,NA,NA,2.46,NA,NA,0.45,NA,NA,0.6,NA,NA,0,0,0,0,0,1,0,8.22,7.9,5.172346234,4.661913454,93,10,0.83,0.833333333
50028,G2019S,1,1951,1,2010,59,2010,59,2.04E+11,R02C01,63,1,R01C01,64,V04,R03C01,65,V06,R04C01,66,V08,NA,NA,NA,NA,NA,NA,NA,NA,NA,NA,NA,NA,2,0,2,2,15,2,26,17,4,2,1,11,6,11,1,14,28,30,29,1.27,1.17,NA,1.04,1.01,NA,0.46,0.29,NA,0.35,0.29,NA,0,0,0,0,0,1,0,0.6,1.9,0.82346644,-1.733124992,94,4,0.97,0.966666667
50044,G2019S,1,1958,1,2004,46,2008,50,2.05E+11,R07C01,58,1,R08C01,59,v04,R05C01,60,V06,R06C01,61,V08,NA,NA,NA,NA,NA,NA,NA,NA,NA,NA,NA,NA,2,NA,3,2,12,NA,50,43,12,0,23,13,22,0,30,26,NA,28,27,1.32,0.99,NA,1.32,1.33,NA,0.36,0.25,NA,0.63,0.51,NA,0,0,0,0,0,1,0,3.04,0.79,-1.68658661,5.874490804,95,12,0.9,0.9
50088,G2019S,1,1951,1,2011,60,2011,60,2.03E+11,R05C01,63,BL,R06C01,64,V04,R07C01,65,V06,R08C01,66,V08,NA,NA,NA,NA,NA,NA,NA,NA,NA,NA,NA,NA,2,1,2,3,22,10,23,21,16,12,12,6,4,6,10,11,28,29,29,0.89,0.77,NA,1.48,1.15,NA,0.54,0.33,NA,0.58,0.54,NA,0,0,0,0,0,1,0,11.38,5.03,6.186897975,7.398160795,96,3,0.97,0.966666667
50110,G2019S,2,1958,2,NA,NA,NA,NA,2.04E+11,R02C01,56,1,R01C01,57,V04,R03C01,58,V06,R04C01,59,V08,NA,NA,NA,NA,NA,NA,NA,NA,NA,NA,NA,NA,0,0,0,0,0,0,0,0,0,0,0,0,0,0,0,0,27,24,23,NA,NA,NA,NA,NA,NA,NA,NA,NA,NA,NA,NA,0,0,0,0,0,1,0,6.81,3,6.255751621,1.375931394,97,#VALUE!,0.77,0.766666667
50143,G2019S,2,1950,1,NA,NA,NA,NA,2.04E+11,R06C01,64,1,R05C01,65,V04,R07C01,66,V06,R08C01,67,V08,NA,NA,NA,NA,NA,NA,NA,NA,NA,NA,NA,NA,0,0,0,0,0,2,2,2,4,6,3,5,0,0,0,0,29,28,28,NA,NA,NA,NA,NA,NA,NA,NA,NA,NA,NA,NA,0,0,0,0,0,1,0,-5.26,-3.13,-2.057341729,-3.174778195,98,#VALUE!,0.93,0.933333333
50157,G2019S,1,1953,1,2009,56,2012,59,2.05E+11,R02C01,61,1,R01C01,62,V04,R03C01,63,V06,R04C01,64,V08,NA,NA,NA,NA,NA,NA,NA,NA,NA,NA,NA,NA,1,1,1,1,16,17,7,6,15,8,17,14,7,2,6,5,24,25,26,2.43,1.64,NA,2.19,1.43,NA,0.38,0.58,NA,0.61,0.33,NA,0,0,0,0,0,1,0,6,5.81,6.276432416,7.566665067,99,5,0.87,0.866666667
50172,G2019S,2,1949,1,NA,NA,NA,NA,2.03E+11,R01C01,65,BL,R02C01,66,V04,R03C01,67,V06,R04C01,68,V08,NA,NA,NA,NA,NA,NA,NA,NA,NA,NA,NA,NA,0,0,0,0,1,1,1,0,5,5,7,1,0,0,1,0,30,29,30,NA,NA,NA,NA,NA,NA,NA,NA,NA,NA,NA,NA,0,0,0,0,0,1,0,9.69,7.36,6.800636179,4.680082,100,#VALUE!,1,1
50175,G2019S,1,1952,2,2012,60,2013,61,2.04E+11,R06C01,62,1,R05C01,63,V04,R07C01,64,V06,R08C01,65,V08,NA,NA,NA,NA,NA,NA,NA,NA,NA,NA,NA,NA,1,2,2,2,13,18,25,2,0,2,3,2,4,3,4,4,29,29,28,1.63,1.42,NA,1.52,1.52,NA,0.57,0.53,NA,0.6,0.8,NA,1,0,0,0,0,1,0,10.82,7.69,11.24794884,11.89910775,101,2,0.93,0.933333333
50184,G2019S,2,1957,1,NA,NA,NA,NA,2.05E+11,R02C01,57,1,R01C01,58,V04,R03C01,59,V06,R04C01,61,V08,NA,NA,NA,NA,NA,NA,NA,NA,NA,NA,NA,NA,0,0,0,0,0,0,0,0,2,5,2,4,0,0,0,0,25,26,23,NA,NA,NA,NA,NA,NA,NA,NA,NA,NA,NA,NA,0,0,0,0,0,1,0,6.31,6.23,8.766844916,6.081096508,11,#VALUE!,0.77,0.766666667
50192,G2019S,1,1952,2,2011,59,2012,60,2.04E+11,R06C01,62,1,R05C01,63,V04,R07C01,64,V06,R08C01,65,V08,NA,NA,NA,NA,NA,NA,NA,NA,NA,NA,NA,NA,2,2,2,2,23,5,5,19,7,4,15,12,8,4,4,6,29,30,29,1.19,1.36,NA,1.73,1.28,NA,0.58,0.42,NA,0.57,0.58,NA,0,0,0,0,0,1,0,7.25,6.27,11.27733809,11.50342629,102,3,0.97,0.966666667
50219,G2019S,2,1953,1,NA,NA,NA,NA,2.03E+11,R01C01,61,BL,R02C01,62,V04,R03C01,63,V06,R04C01,65,V08,50184,0.242856,Siblings,NA,NA,NA,NA,NA,NA,NA,NA,NA,0,0,0,0,0,2,0,0,7,8,8,5,0,0,0,0,26,24,26,NA,NA,NA,NA,NA,NA,NA,NA,NA,NA,NA,NA,0,0,0,0,0,1,0,4.17,2.13,6.190623437,5.975431482,11,#VALUE!,0.87,0.866666667
50222,G2019S,2,1963,1,NA,NA,NA,NA,2.04E+11,R02C01,51,1,R01C01,52,V04,R03C01,53,V06,R04C01,54,V08,NA,NA,NA,NA,NA,NA,NA,NA,NA,NA,NA,NA,0,0,0,0,0,2,1,0,6,13,11,16,1,1,1,1,26,30,30,NA,NA,NA,NA,NA,NA,NA,NA,NA,NA,NA,NA,0,0,0,0,0,1,0,4.95,2.62,4.400389834,8.10204933,12,#VALUE!,1,1
50225,G2019S,2,1961,2,NA,NA,NA,NA,2.04E+11,R06C01,53,1,R05C01,54,V04,R07C01,55,V06,R08C01,56,V08,50222,0.239974,Siblings,NA,NA,NA,NA,NA,NA,NA,NA,NA,0,0,0,0,2,0,2,1,3,3,3,2,0,0,0,0,29,27,26,NA,NA,NA,NA,NA,NA,NA,NA,NA,NA,NA,NA,0,0,0,0,0,1,0,-2,-3.57,0.216177641,4.87392834,12,#VALUE!,0.87,0.866666667
50275,G2019S,2,1959,1,NA,NA,NA,NA,2.04E+11,R02C01,55,1,R01C01,56,V04,R03C01,57,V06,R04C01,58,V08,NA,NA,NA,NA,NA,NA,NA,NA,NA,NA,NA,NA,0,0,0,2,0,6,0,14,2,3,0,6,0,0,0,0,28,29,27,NA,NA,NA,NA,NA,NA,NA,NA,NA,NA,NA,NA,0,0,0,0,0,1,0,-6.99,-10.94,-5.770208497,-7.114511517,103,#VALUE!,0.9,0.9
50319,G2019S,1,1961,2,2011,50,2013,52,2.05E+11,R06C01,53,1,R05C01,54,V04,R07C01,56,V06,R08C01,56,V08,NA,NA,NA,NA,NA,NA,NA,NA,NA,NA,NA,NA,1,2,2,1,10,21,27,16,0,0,1,2,2,5,7,11,27,30,30,NA,2.39,NA,NA,1.67,NA,NA,1.26,NA,NA,0.69,NA,0,0,0,0,0,1,0,6.44,3.74,4.645214734,6.766758458,104,3,1,1
50328,G2019S,2,1960,2,NA,NA,NA,NA,2.05E+11,R06C01,54,1,R05C01,55,V04,R07C01,56,V06,R08C01,57,V08,NA,NA,NA,NA,NA,NA,NA,NA,NA,NA,NA,NA,0,0,0,0,4,2,2,4,4,3,1,4,0,0,1,0,30,30,30,NA,NA,NA,NA,NA,NA,NA,NA,NA,NA,NA,NA,0,0,0,0,0,1,1,11.43,1.42,7.82685704,8.614726612,105,#VALUE!,1,1
50379,G2019S,2,1947,2,NA,NA,NA,NA,2.03E+11,R01C01,67,BL,R02C01,68,V04,R03C01,69,V06,R04C01,70,V08,NA,NA,NA,NA,NA,NA,NA,NA,NA,NA,NA,NA,0,0,0,0,0,4,2,4,0,1,0,0,0,0,0,0,27,26,28,NA,NA,NA,NA,NA,NA,NA,NA,NA,NA,NA,NA,0,0,0,0,0,1,0,-2.37,-3.42,-0.772447006,-0.283937805,106,#VALUE!,0.93,0.933333333
50455,G2019S,2,1948,2,NA,NA,NA,NA,2.05E+11,R06C01,67,1,R07C01,68,V04,R08C01,69,V06,R05C01,70,V08,NA,NA,NA,NA,NA,NA,NA,NA,NA,NA,NA,NA,0,0,0,0,2,0,0,0,7,6,5,8,0,0,0,0,30,28,29,NA,NA,NA,NA,NA,NA,NA,NA,NA,NA,NA,NA,0,0,0,0,0,1,0,-4.27,-8.24,-3.71081027,-6.941077594,108,#VALUE!,0.97,0.966666667
50462,G2019S,2,1951,1,NA,NA,NA,NA,2.03E+11,R01C01,63,BL,R02C01,64,V04,R03C01,65,V06,R04C01,66,V08,NA,NA,NA,NA,NA,NA,NA,NA,NA,NA,NA,NA,0,0,0,0,0,3,5,5,8,8,10,11,0,0,0,0,29,30,30,NA,NA,NA,NA,NA,NA,NA,NA,NA,NA,NA,NA,0,0,0,0,0,1,0,2.8,1.64,2.131676478,2.083263431,13,#VALUE!,1,1
50485,G2019S,1,1951,1,2007,56,2008,57,2.04E+11,R06C01,64,1,R07C01,65,V04,R08C01,66,V06,R05C01,67,V08,NA,NA,NA,NA,NA,NA,NA,NA,NA,NA,NA,NA,2,2,NA,2,12,9,NA,28,7,12,0,10,7,7,0,6,25,NA,26,2.26,NA,NA,2.02,NA,NA,0.73,NA,NA,0.5,NA,NA,0,0,0,0,0,1,0,3.31,2.49,7.427108459,2.219292763,109,8,0.87,0.866666667
50509,G2019S,1,1951,1,2012,61,2013,62,2.03E+11,R01C01,63,BL,R02C01,64,V04,R03C01,65,V06,R04C01,66,V08,NA,NA,NA,NA,NA,NA,NA,NA,NA,NA,NA,NA,2,2,2,2,37,30,35,26,5,7,9,17,3,1,2,4,26,26,27,2.58,NA,NA,2.03,NA,NA,1.25,NA,NA,0.9,NA,NA,0,0,0,0,0,1,0,5.51,3.28,-1.174602707,2.581120979,110,2,0.9,0.9
50557,G2019S,2,1948,2,NA,NA,NA,NA,2.03E+11,R05C01,67,BL,R06C01,68,V04,R07C01,69,V06,R08C01,70,V08,50132,0.269392,Siblings,NA,NA,NA,NA,NA,NA,NA,NA,NA,0,0,0,0,9,3,3,1,4,3,3,5,1,5,0,4,30,29,28,NA,NA,NA,NA,NA,NA,NA,NA,NA,NA,NA,NA,0,0,0,0,0,1,0,0.84,-0.1,3.627048694,2.643005463,111,#VALUE!,0.93,0.933333333
50572,G2019S,2,1952,1,NA,NA,NA,NA,2.05E+11,R02C01,62,1,R01C01,63,V04,R03C01,64,V06,R04C01,65,V08,NA,NA,NA,NA,NA,NA,NA,NA,NA,NA,NA,NA,0,0,0,0,0,0,4,1,1,3,0,2,0,0,1,0,28,29,30,NA,NA,NA,NA,NA,NA,NA,NA,NA,NA,NA,NA,0,0,0,0,0,1,0,8.44,8.73,8.331525915,11.32044073,112,#VALUE!,1,1
50621,G2019S,1,1955,2,2011,56,2013,58,2.05E+11,R02C01,60,1,R03C01,61,V04,R04C01,62,V06,R01C01,63,V08,NA,NA,NA,NA,NA,NA,NA,NA,NA,NA,NA,NA,1,NA,2,2,9,NA,13,17,9,0,12,14,7,0,11,19,NA,29,26,1.31,1.36,NA,1.59,1.68,NA,0.63,0.58,NA,0.71,0.69,NA,0,0,0,0,0,1,0,5.07,8.43,4.765264808,9.594417501,13,4,0.87,0.866666667
50670,G2019S,2,1961,1,NA,NA,NA,NA,2.05E+11,R02C01,54,1,R03C01,55,V04,R04C01,56,V06,R01C01,57,V08,50485,0.281177,Siblings,NA,NA,NA,NA,NA,NA,NA,NA,NA,0,0,0,0,0,0,0,5,1,0,0,0,0,0,0,0,28,30,28,NA,NA,NA,NA,NA,NA,NA,NA,NA,NA,NA,NA,0,0,0,0,0,1,0,11.48,10.7,6.499307509,9.365329823,113,#VALUE!,0.93,0.933333333
50746,G2019S,1,1948,1,2011,63,2011,63,2.04E+11,R07C01,66,1,R05C01,67,V04,R06C01,69,V06,R08C01,69,V08,NA,NA,NA,NA,NA,NA,NA,NA,NA,NA,NA,NA,2,3,2,3,13,36,19,18,18,12,10,18,10,16,2,6,27,28,30,NA,NA,NA,NA,NA,NA,NA,NA,NA,NA,NA,NA,0,0,0,0,0,1,0,2.76,3.5,4.886708823,5.08571979,114,3,1,1
50860,G2019S,1,1945,2,2007,62,2014,69,2.05E+11,R02C01,69,1,R01C01,70,V04,R03C01,71,V06,R04C01,72,V08,40273,0.276407,Siblings,NA,NA,NA,NA,NA,NA,NA,NA,NA,2,2,2,2,28,43,30,38,10,14,12,7,8,3,5,6,30,30,30,1.45,0.9,NA,1.02,0.82,NA,0.56,0.34,NA,0.59,0.26,NA,0,0,0,0,0,1,0,3.77,-2.49,0.242010329,0.850676648,115,7,1,1
50901,G2019S,1,1962,2,2013,51,2014,52,2.05E+11,R07C01,52,1,R06C01,53,V04,R08C01,55,V06,R05C01,56,V08,NA,NA,NA,NA,NA,NA,NA,NA,NA,NA,NA,NA,2,2,2,2,33,40,34,43,5,6,8,4,6,4,6,6,26,25,27,1.56,1.49,NA,1.48,1.4,NA,0.67,0.48,NA,0.28,0.31,NA,0,0,1,0,0,1,0,9.08,10.65,9.768093024,11.5432859,116,1,0.9,0.9
50983,G2019S,1,1941,2,2014,73,2015,74,2.03E+11,R05C01,74,BL,R06C01,75,V04,R07C01,76,V06,R08C01,77,V08,NA,NA,NA,NA,NA,NA,NA,NA,NA,NA,NA,NA,2,2,2,2,33,12,11,7,1,6,3,8,3,1,1,1,25,25,22,1.82,1.78,NA,2.19,1.51,NA,0.62,0.79,NA,1.07,0.93,NA,0,0,0,0,0,1,0,2.45,-0.08,2.225157992,2.496998607,117,1,0.73,0.733333333
51186,G2019S,1,1949,1,2009,60,2013,64,2.03E+11,R05C01,66,BL,R06C01,67,V04,R07C01,68,V06,R08C01,69,V08,NA,NA,NA,NA,NA,NA,NA,NA,NA,NA,NA,NA,2,2,2,2,34,32,35,26,7,8,9,12,3,2,3,9,29,27,25,2.49,1.7,NA,2.21,1.64,NA,1.08,0.77,NA,0.66,0.49,NA,0,0,0,0,0,1,0,-0.16,-2.66,-0.427641296,-3.860327205,118,6,0.83,0.833333333
51247,G2019S,2,1959,1,NA,NA,NA,NA,2.03E+11,R01C01,56,BL,R02C01,57,V04,R03C01,58,V06,R04C01,59,V08,NA,NA,NA,NA,NA,NA,NA,NA,NA,NA,NA,NA,0,0,0,0,0,0,2,7,0,0,1,6,0,0,0,0,29,30,30,NA,NA,NA,NA,NA,NA,NA,NA,NA,NA,NA,NA,0,0,0,0,0,1,0,7.68,5.16,5.613730885,4.641453345,119,#VALUE!,1,1
51252,G2019S,1,1950,1,2012,62,2014,64,2.05E+11,R06C01,65,1,R07C01,66,V04,R08C01,67,V06,R05C01,68,V08,NA,NA,NA,NA,NA,NA,NA,NA,NA,NA,NA,NA,2,2,2,2,21,16,17,10,12,13,21,14,7,3,5,2,24,25,28,1.47,1.46,NA,1.38,1.58,NA,0.73,0.57,NA,0.56,0.48,NA,0,0,0,0,0,1,0,3.64,1.51,1.168140592,-1.839127675,120,3,0.93,0.933333333
51302,G2019S,2,1960,1,NA,NA,NA,NA,2.04E+11,R06C01,55,1,R07C01,56,V04,R08C01,57,V06,R05C01,58,V08,NA,NA,NA,NA,NA,NA,NA,NA,NA,NA,NA,NA,0,0,0,1,3,4,3,6,16,17,15,13,7,8,13,6,28,28,29,NA,NA,NA,NA,NA,NA,NA,NA,NA,NA,NA,NA,0,0,0,0,0,1,0,1.23,5.21,9.998222626,5.618077254,121,#VALUE!,0.97,0.966666667
51330,G2019S,2,1952,1,NA,NA,NA,NA,2.05E+11,R02C01,63,1,R03C01,64,V04,R04C01,65,V06,R01C01,66,V08,NA,NA,NA,NA,NA,NA,NA,NA,NA,NA,NA,NA,0,0,0,0,2,2,5,4,4,3,9,7,0,0,0,0,30,30,30,NA,NA,NA,NA,NA,NA,NA,NA,NA,NA,NA,NA,0,0,0,0,0,1,0,3.9,2.09,0.997412648,1.391273901,122,#VALUE!,1,1
51392,G2019S,2,1955,1,NA,NA,NA,NA,2.05E+11,R06C01,60,1,R07C01,61,V04,R08C01,62,V06,R05C01,63,V08,NA,NA,NA,NA,NA,NA,NA,NA,NA,NA,NA,NA,0,0,0,0,0,2,1,0,3,8,8,7,2,4,2,2,27,28,30,NA,NA,NA,NA,NA,NA,NA,NA,NA,NA,NA,NA,0,0,0,0,0,1,0,9.46,7.82,10.17538487,11.06829417,123,#VALUE!,1,1
51440,G2019S,1,1945,2,2012,67,2012,67,2.05E+11,R06C01,70,1,R07C01,71,V04,R08C01,72,V06,R05C01,73,V08,NA,NA,NA,NA,NA,NA,NA,NA,NA,NA,NA,NA,1,1,1,1,5,11,7,18,3,3,1,1,0,1,3,1,29,26,29,2.16,1.86,NA,2.32,2.05,NA,1.16,0.83,NA,1.41,1.01,NA,0,0,0,0,0,1,0,10.14,4.55,6.499791808,7.054747127,14,3,0.97,0.966666667
51441,G2019S,2,1953,2,NA,NA,NA,NA,2.03E+11,R01C01,62,BL,R02C01,63,V04,R03C01,64,V06,NA,NA,NA,40671,0.235755,Siblings,NA,NA,NA,NA,NA,NA,NA,NA,NA,0,0,0,0,3,3,0,1,3,0,0,5,0,0,0,0,28,29,27,NA,NA,NA,NA,NA,NA,NA,NA,NA,NA,NA,NA,0,0,0,0,0,1,0,4.33,#VALUE!,6.270571332,3.366687926,124,#VALUE!,0.9,0.9
51518,G2019S,1,1953,1,2013,60,2014,61,2.05E+11,R03C01,63,1,R04C01,64,V04,R01C01,65,V06,R02C01,66,V08,NA,NA,NA,NA,NA,NA,NA,NA,NA,NA,NA,NA,2,1,1,1,12,9,3,6,11,10,10,6,3,3,3,2,27,28,28,1.82,2.23,NA,3.35,1.64,NA,0.8,0.79,NA,1.17,0.67,NA,0,0,0,0,0,1,0,4.06,-3.5,3.17579332,7.281915157,125,3,0.93,0.933333333
51625,G2019S,1,1962,1,2012,50,2015,53,2.05E+11,R02C01,53,1,R03C01,54,V04,R04C01,55,V06,R01C01,56,V08,NA,NA,NA,NA,NA,NA,NA,NA,NA,NA,NA,NA,2,2,2,1,20,22,24,20,1,8,10,5,3,7,8,3,29,29,30,2.31,2.09,NA,2.26,2.29,NA,0.82,0.74,NA,1.08,0.99,NA,0,0,0,0,0,1,0,5.55,3.86,3.632502964,5.656614447,126,3,1,1
51714,G2019S,2,1952,1,NA,NA,NA,NA,2.05E+11,R07C01,64,1,R08C01,65,V04,R05C01,66,V06,R06C01,67,V08,NA,NA,NA,NA,NA,NA,NA,NA,NA,NA,NA,NA,0,0,0,0,2,5,2,2,4,3,7,5,0,1,1,1,29,30,30,NA,NA,NA,NA,NA,NA,NA,NA,NA,NA,NA,NA,0,0,0,0,0,1,0,1.9,3.88,3.590126358,3.247446651,127,#VALUE!,1,1
51746,G2019S,2,1954,1,NA,NA,NA,NA,2.05E+11,R02C01,61,1,R03C01,62,V04,R04C01,63,V06,R01C01,65,V08,NA,NA,NA,NA,NA,NA,NA,NA,NA,NA,NA,NA,0,0,0,0,4,0,0,3,2,2,3,0,0,0,0,1,30,30,30,NA,NA,NA,NA,NA,NA,NA,NA,NA,NA,NA,NA,0,0,0,0,0,1,0,4.26,5.51,7.515346758,6.752915989,128,#VALUE!,1,1
51755,G2019S,2,1951,1,NA,NA,NA,NA,2.05E+11,R03C01,65,1,R04C01,66,V04,R01C01,67,V06,R02C01,68,V08,NA,NA,NA,NA,NA,NA,NA,NA,NA,NA,NA,NA,0,0,0,0,0,0,0,2,4,2,2,2,0,0,2,5,23,25,NA,NA,NA,NA,NA,NA,NA,NA,NA,NA,NA,NA,NA,0,0,0,0,0,1,0,6.92,8.22,9.486889981,5.404436132,129,#VALUE!,#VALUE!,#VALUE!
51782,G2019S,2,1948,1,NA,NA,NA,NA,2.05E+11,R06C01,67,1,R07C01,68,V04,R08C01,69,V06,R05C01,70,V08,NA,NA,NA,NA,NA,NA,NA,NA,NA,NA,NA,NA,0,0,0,0,10,12,4,7,4,4,3,3,1,1,0,0,29,29,30,NA,NA,NA,NA,NA,NA,NA,NA,NA,NA,NA,NA,0,0,0,0,0,1,0,4.35,0.33,-0.52972486,1.429729237,130,#VALUE!,1,1
51867,G2019S,2,1951,1,NA,NA,NA,NA,2.05E+11,R06C01,64,1,R07C01,65,V04,R08C01,66,V06,R05C01,67,V08,NA,NA,NA,NA,NA,NA,NA,NA,NA,NA,NA,NA,0,0,0,0,16,12,8,5,11,11,8,6,2,4,4,4,28,29,30,NA,NA,NA,NA,NA,NA,NA,NA,NA,NA,NA,NA,0,0,0,0,0,1,0,0.54,-2.25,0.123650151,-0.581169288,131,#VALUE!,1,1
51971,G2019S,1,1950,2,2008,58,2014,64,2.05E+11,R03C01,66,1,R04C01,67,V04,R01C01,68,V06,R02C01,69,V08,NA,NA,NA,NA,NA,NA,NA,NA,NA,NA,NA,NA,2,2,2,2,35,17,34,44,14,9,10,6,15,13,14,13,26,27,22,1.19,0.99,NA,1.51,1.15,NA,0.31,0.31,NA,0.46,0.39,NA,0,0,0,0,0,1,0,2.89,5.96,5.824988511,1.786131515,19,8,0.73,0.733333333
52006,G2019S,2,1956,1,NA,NA,NA,NA,2.05E+11,R03C01,60,1,R04C01,61,V04,R01C01,62,V06,R02C01,63,V08,NA,NA,NA,NA,NA,NA,NA,NA,NA,NA,NA,NA,0,0,0,1,4,3,4,6,4,4,5,8,2,3,5,2,27,26,27,NA,NA,NA,NA,NA,NA,NA,NA,NA,NA,NA,NA,0,0,0,0,0,1,0,2.7,6.51,4.792886482,5.164969545,132,#VALUE!,0.9,0.9
52062,G2019S,1,1967,2,2013,46,2014,47,2.05E+11,R07C01,48,1,R08C01,49,V04,R05C01,50,V06,R06C01,52,V08,NA,NA,NA,NA,NA,NA,NA,NA,NA,NA,NA,NA,1,2,2,1,21,30,20,16,4,13,15,14,12,17,13,16,29,29,26,3.06,2.92,NA,2.34,2.35,NA,1.2,1.05,NA,0.9,0.74,NA,0,0,0,0,0,1,0,15.76,16.48,12.59040779,13.42480368,133,2,0.87,0.866666667
52128,G2019S,1,1943,2,2013,70,2014,71,2.05E+11,R02C01,73,1,R03C01,74,V04,R04C01,75,V06,R01C01,76,V08,NA,NA,NA,NA,NA,NA,NA,NA,NA,NA,NA,NA,2,2,2,2,16,38,17,19,9,7,7,9,4,13,6,3,25,NA,29,2.7,NA,NA,2.36,NA,NA,1.32,NA,NA,0.69,NA,NA,0,0,0,0,0,1,0,-4.21,-1.59,-3.795989493,-4.360875757,134,3,0.97,0.966666667
52200,G2019S,2,1950,1,NA,NA,NA,NA,2.05E+11,R03C01,65,1,R04C01,67,V04,R01C01,68,V06,R02C01,68,V08,NA,NA,NA,NA,NA,NA,NA,NA,NA,NA,NA,NA,0,0,0,0,4,5,1,0,2,3,1,2,0,0,0,0,29,26,29,NA,NA,NA,NA,NA,NA,NA,NA,NA,NA,NA,NA,0,0,0,0,0,1,0,5.35,8.76,6.160989964,5.282622664,15,#VALUE!,0.97,0.966666667
52274,G2019S,2,1951,2,NA,NA,NA,NA,2.05E+11,R07C01,65,1,R08C01,66,V04,R05C01,67,V06,R06C01,68,V08,52273,0.216727,Siblings,NA,NA,NA,NA,NA,NA,NA,NA,NA,0,0,0,0,0,0,0,0,1,2,2,3,0,0,0,0,23,23,25,NA,NA,NA,NA,NA,NA,NA,NA,NA,NA,NA,NA,0,0,0,0,0,1,0,2.83,3.77,3.492979917,5.81515757,15,#VALUE!,0.83,0.833333333
52275,G2019S,2,1954,1,NA,NA,NA,NA,2.05E+11,R03C01,61,1,R04C01,62,V04,R01C01,63,V06,R02C01,64,V08,52274,0.25833,Siblings,52273,0.20568,Siblings,NA,NA,NA,NA,NA,NA,0,0,0,0,6,2,0,4,1,1,0,0,0,0,0,0,29,28,29,NA,NA,NA,NA,NA,NA,NA,NA,NA,NA,NA,NA,0,0,0,0,0,1,0,6.68,4.21,2.462866433,1.973869872,135,#VALUE!,0.97,0.966666667
52276,G2019S,2,1957,1,NA,NA,NA,NA,2.05E+11,R03C01,59,1,R04C01,60,V04,R01C01,61,V06,R02C01,62,V08,NA,NA,NA,NA,NA,NA,NA,NA,NA,NA,NA,NA,0,0,0,0,1,0,0,0,0,1,2,2,0,0,0,0,30,29,27,NA,NA,NA,NA,NA,NA,NA,NA,NA,NA,NA,NA,0,0,0,0,0,1,0,0.01,2.91,2.716025416,4.007926239,136,#VALUE!,0.9,0.9
52432,G2019S,2,1962,1,NA,NA,NA,NA,2.05E+11,R03C01,54,1,R04C01,55,V04,R01C01,56,V06,R02C01,57,V08,NA,NA,NA,NA,NA,NA,NA,NA,NA,NA,NA,NA,0,0,0,0,2,1,2,1,2,1,3,1,0,0,0,0,28,30,30,NA,NA,NA,NA,NA,NA,NA,NA,NA,NA,NA,NA,0,0,0,0,0,1,0,7.72,8.26,10.26804927,9.872722196,137,#VALUE!,1,1
52530,G2019S,1,1947,2,2014,67,2014,67,2.05E+11,R07C01,69,1,R08C01,70,V04,R05C01,71,V06,R06C01,72,V08,NA,NA,NA,NA,NA,NA,NA,NA,NA,NA,NA,NA,1,1,1,1,11,9,8,17,8,9,8,9,1,6,4,5,29,25,28,1.89,1.64,NA,1.69,1.43,NA,0.74,0.61,NA,0.75,0.73,NA,0,0,0,0,0,1,0,3.08,1.99,1.169846667,5.049713737,138,2,0.93,0.933333333
52787,G2019S,2,1951,1,NA,NA,NA,NA,2.05E+11,R03C01,65,1,R04C01,66,V04,R01C01,67,V06,R02C01,68,V08,52772,0.122154,2nd Dgree,52784,0.118906,2nd Dgree,52783,0.244591,Siblings,52768,0.125481,2nd Dgree,0,0,0,0,2,5,8,5,12,11,10,12,3,5,2,6,26,28,29,NA,NA,NA,NA,NA,NA,NA,NA,NA,NA,NA,NA,0,0,0,0,0,1,0,4.67,1.21,2.634431953,6.85935771,139,#VALUE!,0.97,0.966666667
52828,G2019S,2,1941,2,NA,NA,NA,NA,2.05E+11,R03C01,75,1,R04C01,76,V04,R01C01,77,V06,R02C01,78,V08,NA,NA,NA,NA,NA,NA,NA,NA,NA,NA,NA,NA,0,0,0,0,0,4,3,2,5,7,7,3,2,3,3,3,28,27,23,NA,NA,NA,NA,NA,NA,NA,NA,NA,NA,NA,NA,0,0,0,0,0,1,0,1.2,-2.66,-3.611147379,-0.708415575,140,#VALUE!,0.77,0.766666667
52872,G2019S,2,1953,1,NA,NA,NA,NA,2.05E+11,R07C01,63,1,R08C01,64,V04,R05C01,65,V06,R06C01,66,V08,NA,NA,NA,NA,NA,NA,NA,NA,NA,NA,NA,NA,0,0,0,0,0,6,6,7,6,3,2,1,0,0,0,0,28,29,26,NA,NA,NA,NA,NA,NA,NA,NA,NA,NA,NA,NA,0,0,0,0,0,1,0,-8.46,-5.39,-5.073714225,-0.879726449,141,#VALUE!,0.87,0.866666667
52948,G2019S,2,1949,1,NA,NA,NA,NA,2.05E+11,R07C01,67,1,R08C01,68,V04,R05C01,69,V06,R06C01,70,V08,52932,0.252908,Siblings,52927,0.262186,Siblings,NA,NA,NA,NA,NA,NA,0,0,0,0,0,3,2,0,3,2,3,4,0,0,1,0,28,28,29,NA,NA,NA,NA,NA,NA,NA,NA,NA,NA,NA,NA,0,0,0,0,0,1,0,0.44,6.14,3.049790259,4.782072102,142,#VALUE!,0.97,0.966666667
52982,G2019S,2,1955,1,NA,NA,NA,NA,2.05E+11,R03C01,61,1,R04C01,62,V04,R01C01,63,V06,R02C01,64,V08,NA,NA,NA,NA,NA,NA,NA,NA,NA,NA,NA,NA,0,0,0,0,0,0,1,1,8,6,3,8,0,0,0,0,30,27,26,NA,NA,NA,NA,NA,NA,NA,NA,NA,NA,NA,NA,0,0,0,0,0,1,0,7.36,4.49,-1.227866442,2.613836533,143,#VALUE!,0.87,0.866666667
53113,G2019S,2,1952,2,NA,NA,NA,NA,2.05E+11,R03C01,64,1,R04C01,65,V04,R01C01,66,V06,R02C01,67,V09,NA,NA,NA,NA,NA,NA,NA,NA,NA,NA,NA,NA,0,0,0,NA,0,2,0,NA,3,1,5,0,0,0,0,0,28,28,NA,NA,NA,NA,NA,NA,NA,NA,NA,NA,NA,NA,NA,0,0,0,0,0,1,0,-3.11,-1.39,0.828647344,-4.350243369,16,#VALUE!,#VALUE!,#VALUE!
53308,G2019S,2,1961,1,NA,NA,NA,NA,2.05E+11,R03C01,55,1,R04C01,56,V04,R01C01,57,V06,R02C01,58,V08,NA,NA,NA,NA,NA,NA,NA,NA,NA,NA,NA,NA,1,1,2,2,8,14,26,31,11,9,22,16,8,11,18,9,28,28,27,NA,NA,NA,NA,NA,NA,NA,NA,NA,NA,NA,NA,0,0,0,0,0,1,0,7.54,2.49,4.391860948,3.805367889,144,#VALUE!,0.9,0.9
53518,G2019S,2,1952,1,NA,NA,NA,NA,2.05E+11,R03C01,64,1,R04C01,65,V04,R01C01,66,V06,R02C01,67,V08,NA,NA,NA,NA,NA,NA,NA,NA,NA,NA,NA,NA,0,0,0,0,8,8,6,8,3,0,4,4,0,0,3,0,27,26,28,NA,NA,NA,NA,NA,NA,NA,NA,NA,NA,NA,NA,0,0,0,0,0,1,0,1.38,1.12,1.083759937,3.456129086,145,#VALUE!,0.93,0.933333333
53595,G2019S,1,1951,1,2009,58,2012,61,2.05E+11,R07C01,65,1,R08C01,66,V04,R05C01,67,V06,R06C01,68,V08,NA,NA,NA,NA,NA,NA,NA,NA,NA,NA,NA,NA,2,2,2,2,13,23,50,13,26,19,16,18,4,9,8,7,30,30,28,1.84,0.83,NA,2.48,1.15,NA,0.69,0.48,NA,0.91,0.42,NA,0,0,0,0,0,1,1,-5.37,-3.06,-0.421200977,-2.038208631,146,7,0.93,0.933333333
53866,G2019S,2,1946,2,NA,NA,NA,NA,2.05E+11,R07C01,70,1,R08C01,71,V04,R05C01,72,V06,R06C01,73,V08,NA,NA,NA,NA,NA,NA,NA,NA,NA,NA,NA,NA,0,0,0,0,5,0,3,5,5,2,3,4,4,6,3,2,23,22,25,NA,NA,NA,NA,NA,NA,NA,NA,NA,NA,NA,NA,0,0,0,0,0,1,0,0.12,-1.41,-1.946250184,3.176161789,147,#VALUE!,0.83,0.833333333
54048,G2019S,2,1957,2,NA,NA,NA,NA,2.05E+11,R07C01,59,1,R08C01,60,V04,R05C01,61,V06,R06C01,62,V08,NA,NA,NA,NA,NA,NA,NA,NA,NA,NA,NA,NA,0,0,0,0,0,0,2,3,1,0,0,1,0,0,0,0,22,24,23,NA,NA,NA,NA,NA,NA,NA,NA,NA,NA,NA,NA,0,0,0,0,0,1,0,-2.75,0,#VALUE!,0.658413451,148,#VALUE!,0.77,0.766666667
54110,G2019S,2,1957,1,NA,NA,NA,NA,2.05E+11,R07C01,59,1,R08C01,60,V04,R05C01,61,V06,R06C01,62,V08,NA,NA,NA,NA,NA,NA,NA,NA,NA,NA,NA,NA,0,0,0,0,1,2,0,0,2,3,2,1,0,0,0,0,30,30,26,NA,NA,NA,NA,NA,NA,NA,NA,NA,NA,NA,NA,0,0,0,0,0,1,0,-1.15,-1.52,-6.161696024,-1.823366487,149,#VALUE!,0.87,0.866666667
54156,G2019S,2,1957,1,NA,NA,NA,NA,2.05E+11,R07C01,59,1,R08C01,60,V04,R05C01,61,V06,R06C01,62,V08,52599,0.293504,Siblings,NA,NA,NA,NA,NA,NA,NA,NA,NA,0,0,0,0,0,3,0,0,3,9,3,4,2,4,2,2,29,29,29,NA,NA,NA,NA,NA,NA,NA,NA,NA,NA,NA,NA,0,0,0,0,0,1,0,-2.75,-2.92,-0.200564755,-1.59204747,150,#VALUE!,0.97,0.966666667
54197,G2019S,1,1948,2,1998,50,2015,67,2.05E+11,R03C01,68,1,R04C01,69,V04,R01C01,70,V06,R02C01,71,V08,NA,NA,NA,NA,NA,NA,NA,NA,NA,NA,NA,NA,2,2,2,2,15,29,16,16,18,16,14,10,12,7,10,7,27,29,30,2.08,1.6,NA,2.38,2.3,NA,1.06,0.73,NA,1.86,1.06,NA,0,0,0,0,0,1,0,-2.18,-0.4,0.98492313,3.364606916,151,18,1,1
54215,G2019S,2,1935,1,NA,NA,NA,NA,2.05E+11,R03C01,81,1,R04C01,82,V04,R01C01,83,V06,R02C01,84,V08,NA,NA,NA,NA,NA,NA,NA,NA,NA,NA,NA,NA,0,1,0,3,4,15,25,30,6,10,10,10,4,3,4,6,25,25,20,NA,NA,NA,NA,NA,NA,NA,NA,NA,NA,NA,NA,0,0,0,0,0,1,0,-6.65,-2.07,-3.920712445,-1.221291243,152,#VALUE!,0.67,0.666666667
54266,G2019S,2,1954,1,NA,NA,NA,NA,2.05E+11,R07C01,62,1,R08C01,63,V04,R05C01,64,V06,R06C01,65,V08,500001,0.24846,Siblings,3540001,0.259474,Siblings,NA,NA,NA,NA,NA,NA,0,0,0,0,1,0,1,1,11,6,6,8,0,0,0,0,28,23,29,NA,NA,NA,NA,NA,NA,NA,NA,NA,NA,NA,NA,0,0,0,0,0,1,0,6.18,1.67,6.977840529,5.047808622,153,#VALUE!,0.97,0.966666667
54373,G2019S,2,1951,1,NA,NA,NA,NA,2.05E+11,R07C01,65,1,R08C01,66,V04,R05C01,67,V06,R06C01,68,V08,NA,NA,NA,NA,NA,NA,NA,NA,NA,NA,NA,NA,0,0,0,0,7,1,1,1,2,3,2,1,0,0,0,0,29,25,30,NA,NA,NA,NA,NA,NA,NA,NA,NA,NA,NA,NA,0,0,0,0,0,1,0,1.66,0.67,1.057113116,2.34218294,154,#VALUE!,1,1
55094,G2019S,2,1955,1,NA,NA,NA,NA,2.05E+11,R07C01,61,1,R08C01,62,V04,R05C01,63,V06,R06C01,64,V08,NA,NA,NA,NA,NA,NA,NA,NA,NA,NA,NA,NA,0,0,0,0,0,0,0,1,1,7,4,4,0,0,0,3,27,29,29,NA,NA,NA,NA,NA,NA,NA,NA,NA,NA,NA,NA,0,0,0,0,0,1,0,-7.84,-4.87,-4.343041129,-6.272721669,155,#VALUE!,0.97,0.966666667
55151,G2019S,2,1951,2,NA,NA,NA,NA,2.05E+11,R03C01,65,1,R04C01,66,V04,R01C01,67,V06,R02C01,68,V08,NA,NA,NA,NA,NA,NA,NA,NA,NA,NA,NA,NA,1,1,1,1,28,28,19,16,10,10,13,15,8,7,6,8,28,26,23,NA,NA,NA,NA,NA,NA,NA,NA,NA,NA,NA,NA,0,0,0,0,0,1,0,-0.23,-3.42,-1.789824849,1.171166922,156,#VALUE!,0.77,0.766666667
55251,G2019S,1,1957,2,2015,58,2015,58,2.05E+11,R03C01,59,1,R04C01,60,V04,R01C01,61,V06,R02C01,62,V08,NA,NA,NA,NA,NA,NA,NA,NA,NA,NA,NA,NA,2,2,2,2,28,25,33,36,1,0,2,8,1,2,9,9,23,27,24,2.34,1.78,NA,2.28,1.78,NA,1.05,0.79,NA,0.74,0.69,NA,0,0,0,0,0,1,0,7.45,8.11,7.178779764,11.07108692,157,1,0.8,0.8
55380,G2019S,2,1950,1,NA,NA,NA,NA,2.05E+11,R03C01,66,1,R04C01,67,V04,R01C01,68,V06,R02C01,69,V08,NA,NA,NA,NA,NA,NA,NA,NA,NA,NA,NA,NA,0,0,0,0,1,4,3,1,11,7,10,5,5,3,5,3,27,28,28,NA,NA,NA,NA,NA,NA,NA,NA,NA,NA,NA,NA,0,0,0,0,0,1,0,7.83,9.05,8.375216297,7.207892181,158,#VALUE!,0.93,0.933333333
55395,G2019S,1,1950,1,2012,62,2013,63,2.05E+11,R04C01,67,1,R01C01,68,V04,R02C01,69,V06,R03C01,70,V08,NA,NA,NA,NA,NA,NA,NA,NA,NA,NA,NA,NA,3,2,2,NA,43,23,15,NA,10,6,15,9,10,6,12,8,27,28,29,2.16,1.9,NA,2.17,2.08,NA,1.01,0.87,NA,0.89,0.78,NA,0,0,0,0,0,1,0,11.25,8.86,15.08753653,2.6067673,159,5,0.97,0.966666667
55560,G2019S,2,1967,2,NA,NA,NA,NA,2.05E+11,R04C01,50,1,R01C01,51,V04,R02C01,52,V06,R03C01,52,V07,NA,NA,NA,NA,NA,NA,NA,NA,NA,NA,NA,NA,0,0,0,NA,4,4,2,NA,3,3,1,0,0,0,0,0,27,28,NA,NA,NA,NA,NA,NA,NA,NA,NA,NA,NA,NA,NA,0,0,0,0,0,1,0,9.4,6.99,10.14960958,11.66249422,160,#VALUE!,#VALUE!,#VALUE!
55822,G2019S,2,1965,2,NA,NA,NA,NA,2.05E+11,R03C01,51,1,R04C01,52,V04,R01C01,53,V06,R02C01,54,V08,NA,NA,NA,NA,NA,NA,NA,NA,NA,NA,NA,NA,0,0,0,0,2,0,4,1,9,8,2,4,2,2,0,0,26,25,25,NA,NA,NA,NA,NA,NA,NA,NA,NA,NA,NA,NA,0,0,0,0,0,1,0,5.88,10.76,7.564951997,16.562211,161,#VALUE!,0.83,0.833333333
55842,G2019S,2,1957,2,NA,NA,NA,NA,2.05E+11,R07C01,59,1,R08C01,60,V04,R05C01,61,V06,R06C01,62,V08,NA,NA,NA,NA,NA,NA,NA,NA,NA,NA,NA,NA,0,0,0,0,9,7,0,6,17,23,16,20,3,8,8,11,23,22,26,NA,NA,NA,NA,NA,NA,NA,NA,NA,NA,NA,NA,0,0,0,0,0,1,0,1.42,-1.13,0.982097588,2.669922009,162,#VALUE!,0.87,0.866666667
55984,G2019S,2,1958,2,NA,NA,NA,NA,2.05E+11,R03C01,59,1,R01C01,60,V04,R02C01,61,V06,NA,NA,NA,NA,NA,NA,NA,NA,NA,NA,NA,NA,NA,NA,NA,0,0,0,NA,0,1,4,NA,6,7,9,0,0,0,0,0,26,29,NA,NA,NA,NA,NA,NA,NA,NA,NA,NA,NA,NA,NA,0,0,0,0,0,1,0,-6.3,#VALUE!,-5.640722821,-5.701308786,17,#VALUE!,#VALUE!,#VALUE!
56126,G2019S,2,1960,1,NA,NA,NA,NA,2.05E+11,R08C01,56,1,R05C01,58,V04,R06C01,59,V06,R07C01,59,V08,NA,NA,NA,NA,NA,NA,NA,NA,NA,NA,NA,NA,0,0,0,0,1,1,0,0,0,0,1,2,0,0,0,0,29,29,29,NA,NA,NA,NA,NA,NA,NA,NA,NA,NA,NA,NA,0,0,0,0,0,1,0,5.98,4.23,2.104693709,4.726839032,16,#VALUE!,0.97,0.966666667
56136,G2019S,2,1963,2,NA,NA,NA,NA,2.05E+11,R07C01,54,1,"R05C01,R08C01",55,V04,R06C01,56,V06,NA,NA,NA,53308,0.244894,Siblings,NA,NA,NA,NA,NA,NA,NA,NA,NA,0,0,0,NA,3,1,4,NA,14,9,13,0,0,0,0,0,29,28,NA,NA,NA,NA,NA,NA,NA,NA,NA,NA,NA,NA,NA,0,0,0,0,0,1,0,8.17,#VALUE!,#VALUE!,4.829918641,18,#VALUE!,#VALUE!,#VALUE!
56169,G2019S,1,1938,1,2008,70,2017,79,2.05E+11,R08C01,79,1,R05C01,80,V04,R06C01,81,V06,R07C01,81,V07,NA,NA,NA,NA,NA,NA,NA,NA,NA,NA,NA,NA,1,2,3,2,18,14,38,30,16,5,8,9,10,7,9,11,25,26,22,NA,NA,NA,NA,NA,NA,NA,NA,NA,NA,NA,NA,0,0,0,0,0,1,0,-9.95,-7.57,-4.092584048,-7.35906521,17,9,0.73,0.733333333
56175,G2019S,2,1935,1,NA,NA,NA,NA,2.05E+11,R07C01,81,1,R08C01,65,V04,R05C01,84,V06,R08C01,84,V08,56126,0.250982,Siblings,NA,NA,NA,NA,NA,NA,NA,NA,NA,0,0,0,0,8,6,8,10,4,4,2,4,1,0,0,1,25,24,26,NA,NA,NA,NA,NA,NA,NA,NA,NA,NA,NA,NA,0,0,0,0,0,1,0,-1.65,-8.35,11.93995508,-4.961364304,163,#VALUE!,0.87,0.866666667
56184,G2019S,2,1952,2,NA,NA,NA,NA,2.05E+11,R07C01,64,1,R04C01,80,V04,R05C01,66,V06,R06C01,67,V08,NA,NA,NA,NA,NA,NA,NA,NA,NA,NA,NA,NA,0,0,NA,0,4,2,NA,0,1,0,0,0,0,0,0,0,27,NA,28,NA,NA,NA,NA,NA,NA,NA,NA,NA,NA,NA,NA,0,0,0,0,0,1,0,14.18,11.46,#VALUE!,10.18899052,164,#VALUE!,0.93,0.933333333
56491,G2019S,2,1938,2,NA,NA,NA,NA,2.05E+11,R03C01,78,1,R04C01,80,V04,R01C01,81,V06,R02C01,81,V08,55265,0.101927,2nd Dgree,NA,NA,NA,NA,NA,NA,NA,NA,NA,0,0,0,0,6,3,0,0,12,10,7,11,0,1,0,1,27,23,24,NA,NA,NA,NA,NA,NA,NA,NA,NA,NA,NA,NA,0,0,0,0,0,1,0,-4.69,-5.89,-8.684833269,-6.717661275,165,#VALUE!,0.8,0.8
56779,G2019S,2,1959,2,NA,NA,NA,NA,2.05E+11,R04C01,58,1,R01C01,59,V04,R02C01,60,V06,R03C01,60,V07,NA,NA,NA,NA,NA,NA,NA,NA,NA,NA,NA,NA,0,0,0,0,0,3,1,1,5,4,6,5,2,0,4,1,28,27,27,NA,NA,NA,NA,NA,NA,NA,NA,NA,NA,NA,NA,0,0,0,0,0,1,0,5.31,3.97,5.099733922,4.274794118,166,#VALUE!,0.9,0.9
56789,G2019S,2,1960,1,NA,NA,NA,NA,2.05E+11,R04C01,57,1,R01C01,58,V04,R02C01,59,V06,R03C01,60,V08,NA,NA,NA,NA,NA,NA,NA,NA,NA,NA,NA,NA,0,NA,0,0,1,NA,3,1,0,0,0,1,0,0,0,0,NA,30,30,NA,NA,NA,NA,NA,NA,NA,NA,NA,NA,NA,NA,0,0,0,0,0,1,0,7.82,11.08,11.03289345,6.808448464,167,#VALUE!,1,1
57159,G2019S,2,1961,2,NA,NA,NA,NA,2.05E+11,R04C01,56,1,R01C01,57,V04,R02C01,58,V06,R03C01,58,V07,55031,0.245316,Siblings,NA,NA,NA,NA,NA,NA,NA,NA,NA,0,0,0,NA,2,5,1,NA,6,7,4,0,0,0,0,0,29,30,NA,NA,NA,NA,NA,NA,NA,NA,NA,NA,NA,NA,NA,0,0,0,0,0,1,0,0.9,5.32,6.043486395,2.398375174,18,#VALUE!,#VALUE!,#VALUE!
57170,G2019S,2,1942,2,NA,NA,NA,NA,2.05E+11,R08C01,75,1,R05C01,76,V04,R06C01,77,V06,R07C01,78,V08,56169,0.233899,Siblings,NA,NA,NA,NA,NA,NA,NA,NA,NA,0,0,0,0,14,3,4,4,5,6,5,5,1,3,1,3,22,23,22,NA,NA,NA,NA,NA,NA,NA,NA,NA,NA,NA,NA,0,0,0,0,0,1,0,3.23,1.9,1.886639196,7.158606793,168,#VALUE!,0.73,0.733333333
57277,G2019S,2,1955,2,NA,NA,NA,NA,2.05E+11,R04C01,62,1,R01C01,63,V04,R02C01,64,V06,R03C01,65,V08,NA,NA,NA,NA,NA,NA,NA,NA,NA,NA,NA,NA,0,0,0,0,0,0,0,0,4,1,7,7,0,0,1,0,26,26,29,NA,NA,NA,NA,NA,NA,NA,NA,NA,NA,NA,NA,0,0,0,0,0,1,0,12.39,8.78,8.725279074,8.100329511,169,#VALUE!,0.97,0.966666667
57447,G2019S,2,1945,2,NA,NA,NA,NA,2.05E+11,R04C01,71,1,R01C01,72,V04,R02C01,73,V06,R03C01,74,V08,NA,NA,NA,NA,NA,NA,NA,NA,NA,NA,NA,NA,0,0,0,0,0,1,2,4,10,8,9,11,1,1,2,5,29,28,27,NA,NA,NA,NA,NA,NA,NA,NA,NA,NA,NA,NA,0,0,0,0,0,1,0,-1.32,#VALUE!,0.0218655,#VALUE!,170,#VALUE!,0.9,0.9
57500,G2019S,2,1954,1,NA,NA,NA,NA,2.05E+11,R08C01,63,1,R05C01,64,V04,R06C01,65,V06,R07C01,66,V07,NA,NA,NA,NA,NA,NA,NA,NA,NA,NA,NA,NA,0,0,0,NA,0,2,0,NA,3,5,5,0,1,2,1,0,27,23,NA,NA,NA,NA,NA,NA,NA,NA,NA,NA,NA,NA,NA,0,0,0,0,0,1,1,#VALUE!,2.95,6.991745475,6.78986233,171,#VALUE!,#VALUE!,#VALUE!
57714,G2019S,2,1959,1,NA,NA,NA,NA,2.05E+11,R08C01,58,1,R05C01,59,V04,R06C01,59,V06,R07C01,61,V08,NA,NA,NA,NA,NA,NA,NA,NA,NA,NA,NA,NA,0,0,0,0,0,0,0,0,6,3,1,1,0,0,0,0,30,28,30,NA,NA,NA,NA,NA,NA,NA,NA,NA,NA,NA,NA,0,0,0,0,0,1,0,#VALUE!,8.67,3.914931652,9.084977249,172,#VALUE!,1,1
57738,G2019S,2,1955,2,NA,NA,NA,NA,2.05E+11,R04C01,62,1,R01C01,63,V04,R02C01,64,V06,R03C01,64,V07,NA,NA,NA,NA,NA,NA,NA,NA,NA,NA,NA,NA,0,0,0,NA,0,2,3,NA,2,5,3,0,0,0,0,0,28,26,NA,NA,NA,NA,NA,NA,NA,NA,NA,NA,NA,NA,NA,0,0,0,0,0,1,0,#VALUE!,9.38,9.534340181,8.073495627,173,#VALUE!,#VALUE!,#VALUE!
57798,G2019S,1,1932,2,2010,78,2012,80,2.05E+11,R04C01,85,1,R01C01,86,V04,R02C01,87,V06,R03C01,87,V07,NA,NA,NA,NA,NA,NA,NA,NA,NA,NA,NA,NA,3,3,4,NA,51,44,59,NA,7,2,6,0,16,13,21,0,9,NA,NA,0.97,NA,NA,1.18,NA,NA,0.52,NA,NA,0.21,NA,NA,0,0,0,0,0,1,0,#VALUE!,#VALUE!,#VALUE!,#VALUE!,174,7,#VALUE!,#VALUE!
57965,G2019S,2,1962,2,NA,NA,NA,NA,2.05E+11,R04C01,55,1,R01C01,56,V04,R02C01,57,V06,R03C01,57,V07,NA,NA,NA,NA,NA,NA,NA,NA,NA,NA,NA,NA,0,0,0,NA,4,5,5,NA,0,0,0,0,1,0,0,0,28,24,NA,NA,NA,NA,NA,NA,NA,NA,NA,NA,NA,NA,NA,0,0,0,0,0,1,0,12.02,10.98,10.63938172,3.538787066,175,#VALUE!,#VALUE!,#VALUE!
58026,G2019S,2,1952,1,NA,NA,NA,NA,2.05E+11,R08C01,65,1,R05C01,66,V04,R06C01,67,V06,R07C01,68,V07,NA,NA,NA,NA,NA,NA,NA,NA,NA,NA,NA,NA,0,0,0,NA,0,0,0,NA,0,1,0,0,0,2,0,0,27,29,NA,NA,NA,NA,NA,NA,NA,NA,NA,NA,NA,NA,NA,0,0,0,0,0,1,0,4.43,4.75,9.251226582,6.623895185,176,#VALUE!,#VALUE!,#VALUE!
58027,G2019S,2,1940,2,NA,NA,NA,NA,2.05E+11,R08C01,77,1,R05C01,78,V04,R06C01,79,V06,R07C01,80,V08,NA,NA,NA,NA,NA,NA,NA,NA,NA,NA,NA,NA,0,0,0,2,0,0,4,5,2,1,2,2,0,0,5,0,24,20,24,NA,NA,NA,NA,NA,NA,NA,NA,NA,NA,NA,NA,0,0,0,0,0,1,0,5.99,5.88,9.231503505,4.954097929,177,#VALUE!,0.8,0.8
58030,G2019S,1,1951,2,2012,61,2012,61,2.05E+11,R04C01,66,1,R01C01,67,V04,R02C01,68,V06,R03C01,68,V07,NA,NA,NA,NA,NA,NA,NA,NA,NA,NA,NA,NA,1,2,1,NA,15,9,7,NA,2,9,6,0,1,2,7,0,27,27,NA,2.16,2.32,NA,2.18,2.08,NA,1.25,1.08,NA,1.4,1.06,NA,0,0,0,0,0,1,0,#VALUE!,#VALUE!,#VALUE!,#VALUE!,178,5,#VALUE!,#VALUE!
58099,G2019S,2,1955,2,NA,NA,NA,NA,2.05E+11,R04C01,62,1,R01C01,63,V04,R02C01,64,V06,R03C01,64,V07,NA,NA,NA,NA,NA,NA,NA,NA,NA,NA,NA,NA,0,0,0,NA,5,5,4,NA,6,7,11,0,2,4,1,0,22,23,NA,NA,NA,NA,NA,NA,NA,NA,NA,NA,NA,NA,NA,0,0,0,0,0,1,0,1.98,2.07,2.201672235,-0.006842796,179,#VALUE!,#VALUE!,#VALUE!
58138,G2019S,2,1964,2,NA,NA,NA,NA,2.05E+11,R08C01,53,1,R05C01,54,V04,R06C01,55,V06,R07C01,55,V07,NA,NA,NA,NA,NA,NA,NA,NA,NA,NA,NA,NA,0,1,0,NA,0,3,0,NA,4,2,5,0,0,0,0,0,26,28,NA,NA,NA,NA,NA,NA,NA,NA,NA,NA,NA,NA,NA,0,0,0,0,0,1,0,3.4,8.93,2.066269997,8.201977027,180,#VALUE!,#VALUE!,#VALUE!
58182,G2019S,2,1961,1,NA,NA,NA,NA,2.05E+11,R08C01,56,1,R05C01,57,V04,R06C01,58,V06,R07C01,58,V07,NA,NA,NA,NA,NA,NA,NA,NA,NA,NA,NA,NA,0,0,0,NA,1,0,1,NA,1,1,0,0,0,0,0,0,29,28,NA,NA,NA,NA,NA,NA,NA,NA,NA,NA,NA,NA,NA,0,0,0,0,0,1,0,11.15,13.19,10.82826769,8.318737686,181,#VALUE!,#VALUE!,#VALUE!
58327,G2019S,2,1962,2,NA,NA,NA,NA,2.05E+11,R03C01,55,1,R01C01,56,V04,R02C01,57,V06,NA,NA,NA,NA,NA,NA,NA,NA,NA,NA,NA,NA,NA,NA,NA,0,1,1,NA,0,2,2,NA,4,8,4,0,2,3,2,0,29,30,NA,NA,NA,NA,NA,NA,NA,NA,NA,NA,NA,NA,NA,0,0,0,0,0,1,0,8.9,#VALUE!,8.660691167,10.88343616,182,#VALUE!,#VALUE!,#VALUE!
58431,G2019S,1,1940,2,2012,72,2014,74,2.05E+11,R04C01,77,1,R01C01,78,V04,R02C01,79,V06,R03C01,79,V07,NA,NA,NA,NA,NA,NA,NA,NA,NA,NA,NA,NA,0,0,0,NA,4,5,3,NA,6,3,5,0,1,0,1,0,29,28,NA,2.33,NA,NA,2.5,NA,NA,1.98,NA,NA,1.18,NA,NA,1,0,0,0,0,1,0,-3,-1.16,0.178979874,0.945231135,183,5,#VALUE!,#VALUE!
58550,G2019S,1,1944,2,2009,65,2010,66,2.05E+11,R04C01,73,1,R01C01,74,V04,R02C01,75,V06,R03C01,76,V07,NA,NA,NA,NA,NA,NA,NA,NA,NA,NA,NA,NA,1,2,1,NA,12,25,12,NA,8,8,10,0,2,1,2,0,27,24,NA,2.37,2.71,NA,2.41,2.78,NA,0.81,1.01,NA,1.22,1.4,NA,0,0,0,0,0,1,0,1.28,-0.21,-1.812137089,-4.801488279,184,8,#VALUE!,#VALUE!
58653,G2019S,2,1953,1,NA,NA,NA,NA,2.05E+11,"R07C01,R08C01",64,1,R05C01,65,V04,R06C01,66,V06,NA,NA,NA,NA,NA,NA,NA,NA,NA,NA,NA,NA,NA,NA,NA,0,0,0,NA,0,2,4,NA,0,9,2,0,0,1,0,0,29,27,NA,NA,NA,NA,NA,NA,NA,NA,NA,NA,NA,NA,NA,0,0,0,0,0,1,0,#VALUE!,#VALUE!,3.364961296,4.105452142,185,#VALUE!,#VALUE!,#VALUE!
58671,G2019S,1,1949,2,2012,63,2013,64,2.05E+11,R04C01,68,1,R01C01,69,V04,R02C01,70,V06,R03C01,71,V07,NA,NA,NA,NA,NA,NA,NA,NA,NA,NA,NA,NA,2,2,2,NA,31,24,38,NA,15,13,20,0,6,3,9,0,27,29,NA,2.11,1.6,NA,1.73,1.7,NA,0.82,0.67,NA,1.06,0.6,NA,0,0,0,0,0,1,0,-1.11,-2.74,-0.12102888,-1.312777347,186,5,#VALUE!,#VALUE!
58716,G2019S,2,1960,1,NA,NA,NA,NA,2.05E+11,R04C01,57,1,R01C01,58,V04,R02C01,59,V06,R03C01,60,V07,NA,NA,NA,NA,NA,NA,NA,NA,NA,NA,NA,NA,0,0,0,NA,0,0,0,NA,5,5,0,0,0,0,1,0,25,27,NA,NA,NA,NA,NA,NA,NA,NA,NA,NA,NA,NA,NA,0,0,0,0,0,1,0,5.23,1.81,3.29339176,3.351621365,187,#VALUE!,#VALUE!,#VALUE!
58721,G2019S,2,1965,1,NA,NA,NA,NA,2.05E+11,R08C01,52,1,R05C01,53,V04,R06C01,54,V06,R07C01,55,V07,NA,NA,NA,NA,NA,NA,NA,NA,NA,NA,NA,NA,0,0,0,NA,1,0,0,NA,5,6,6,0,0,0,0,0,28,26,NA,NA,NA,NA,NA,NA,NA,NA,NA,NA,NA,NA,NA,0,0,0,0,0,1,0,9.35,1.95,6.950917134,7.390559836,188,#VALUE!,#VALUE!,#VALUE!
58865,G2019S,2,1954,1,NA,NA,NA,NA,2.05E+11,R08C01,63,1,R05C01,64,V04,R06C01,65,V06,R07C01,65,V07,NA,NA,NA,NA,NA,NA,NA,NA,NA,NA,NA,NA,0,0,0,NA,0,1,0,NA,6,4,2,0,2,2,0,0,29,25,NA,NA,NA,NA,NA,NA,NA,NA,NA,NA,NA,NA,NA,0,0,0,0,0,1,0,-2.08,-0.27,-2.927489183,-0.082526768,189,#VALUE!,#VALUE!,#VALUE!
58990,G2019S,2,1951,1,NA,NA,NA,NA,2.05E+11,R04C01,66,1,R01C01,67,V04,R02C01,68,V06,R03C01,68,V07,NA,NA,NA,NA,NA,NA,NA,NA,NA,NA,NA,NA,0,0,0,NA,4,10,7,NA,11,14,15,0,1,4,3,0,25,24,NA,NA,NA,NA,NA,NA,NA,NA,NA,NA,NA,NA,NA,0,0,0,0,0,1,0,-7.22,-3.26,-1.347788166,-0.871908259,190,#VALUE!,#VALUE!,#VALUE!
59174,G2019S,2,1955,1,NA,NA,NA,NA,2.05E+11,R08C01,62,1,R05C01,63,V04,R06C01,64,V06,R07C01,64,V07,NA,NA,NA,NA,NA,NA,NA,NA,NA,NA,NA,NA,0,0,0,NA,0,0,0,NA,12,12,10,0,1,0,0,0,28,29,NA,NA,NA,NA,NA,NA,NA,NA,NA,NA,NA,NA,NA,0,0,0,0,0,1,0,10.31,9.43,10.96617562,7.56430724,191,#VALUE!,#VALUE!,#VALUE!
59409,G2019S,2,1954,1,NA,NA,NA,NA,2.05E+11,R08C01,63,1,R05C01,64,V04,R06C01,65,V06,R07C01,66,V07,NA,NA,NA,NA,NA,NA,NA,NA,NA,NA,NA,NA,0,0,0,NA,3,2,2,NA,8,8,6,0,0,2,0,0,28,29,NA,NA,NA,NA,NA,NA,NA,NA,NA,NA,NA,NA,NA,0,0,0,0,0,1,0,0.14,1.22,-0.043280917,0.891769637,192,#VALUE!,#VALUE!,#VALUE!
59483,G2019S,2,1959,1,NA,NA,NA,NA,2.05E+11,R08C01,58,1,R05C01,59,V04,R06C01,60,V06,R07C01,60,V07,NA,NA,NA,NA,NA,NA,NA,NA,NA,NA,NA,NA,0,0,0,NA,0,1,0,NA,1,2,4,0,0,0,0,0,26,28,NA,NA,NA,NA,NA,NA,NA,NA,NA,NA,NA,NA,NA,0,0,0,0,0,1,0,5.66,8,6.862246165,6.825906111,193,#VALUE!,#VALUE!,#VALUE!
59507,G2019S,1,1948,2,2007,59,2012,64,2.05E+11,R04C01,69,1,R01C01,70,V04,R02C01,71,V06,R03C01,72,V07,NA,NA,NA,NA,NA,NA,NA,NA,NA,NA,NA,NA,3,2,2,NA,22,29,24,NA,22,14,14,0,9,7,7,0,26,26,NA,1.33,1.09,NA,1.47,1.26,NA,0.49,0.43,NA,0.56,0.2,NA,0,0,0,0,0,1,0,2.59,1.28,5.17749926,5.192169829,194,10,#VALUE!,#VALUE!
59724,G2019S,1,1950,1,2010,60,2010,60,2.05E+11,R04C01,67,1,R01C01,68,V04,R02C01,69,V06,R03C01,70,V07,57887,0.28545,Siblings,NA,NA,NA,NA,NA,NA,NA,NA,NA,2,3,2,NA,14,37,28,NA,12,6,9,0,8,6,10,0,22,24,NA,1.65,1.22,NA,1.49,1.25,NA,0.67,0.5,NA,0.65,0.45,NA,0,0,0,0,0,1,0,-0.58,-4.17,-2.532190826,-3.333918021,195,7,#VALUE!,#VALUE!
59866,G2019S,2,1961,2,NA,NA,NA,NA,2.05E+11,R04C01,56,1,R01C01,57,V04,R02C01,58,V06,R03C01,58,V07,NA,NA,NA,NA,NA,NA,NA,NA,NA,NA,NA,NA,1,0,0,NA,6,3,1,NA,8,11,8,0,0,0,0,0,24,25,NA,NA,NA,NA,NA,NA,NA,NA,NA,NA,NA,NA,NA,0,0,0,0,0,1,0,5.85,6.73,3.976708143,9.74195078,196,#VALUE!,#VALUE!,#VALUE!
59869,G2019S,2,1953,1,NA,NA,NA,NA,2.05E+11,R08C01,64,1,R05C01,65,V04,R06C01,66,V06,R07C01,67,V07,NA,NA,NA,NA,NA,NA,NA,NA,NA,NA,NA,NA,0,0,0,NA,3,7,5,NA,10,8,13,0,3,1,2,0,24,25,NA,NA,NA,NA,NA,NA,NA,NA,NA,NA,NA,NA,NA,0,0,0,0,0,1,0,-1.75,4.33,-2.360687029,0.638757977,19,#VALUE!,#VALUE!,#VALUE!
65003,G2019S,2,1953,2,NA,NA,NA,NA,2.03E+11,R01C01,60,BL,R02C01,61,V04,R03C01,63,V06,R04C01,63,V08,52006,0.252637,Siblings,NA,NA,NA,NA,NA,NA,NA,NA,NA,0,0,0,0,0,0,0,0,0,0,0,2,0,0,0,0,25,25,25,NA,NA,NA,NA,NA,NA,NA,NA,NA,NA,NA,NA,0,0,0,0,0,1,0,6.73,1.66,4.211504156,7.599083148,197,#VALUE!,0.83,0.833333333
70241,G2019S,2,1953,2,NA,NA,NA,NA,2.05E+11,R05C01,64,BL,R06C01,65,V04,R07C01,66,V06,NA,NA,NA,NA,NA,NA,NA,NA,NA,NA,NA,NA,NA,NA,NA,0,0,0,NA,5,0,1,NA,6,2,4,0,0,0,0,0,30,29,NA,NA,NA,NA,NA,NA,NA,NA,NA,NA,NA,NA,NA,0,0,0,0,0,1,0,8.73,#VALUE!,4.828407121,5.550734603,198,#VALUE!,#VALUE!,#VALUE!
70463,G2019S,1,1950,2,2012,62,2014,64,2.05E+11,R07C01,67,1,R05C01,68,V04,R06C01,69,V06,NA,NA,NA,NA,NA,NA,NA,NA,NA,NA,NA,NA,NA,NA,NA,2,2,2,NA,18,20,45,NA,13,18,15,0,8,18,20,0,29,28,NA,1.3,0.96,NA,1.25,1.26,NA,0.78,0.5,NA,0.71,0.64,NA,0,0,0,0,0,1,0,0.07,#VALUE!,0.368052991,-1.067561482,199,5,#VALUE!,#VALUE!
70519,G2019S,2,1957,1,NA,NA,NA,NA,2.05E+11,R04C01,60,BL,R05C01,62,V04,R06C01,62,V06,NA,NA,NA,NA,NA,NA,NA,NA,NA,NA,NA,NA,NA,NA,NA,0,0,0,NA,0,0,0,NA,5,1,5,0,0,0,4,0,28,30,NA,NA,NA,NA,NA,NA,NA,NA,NA,NA,NA,NA,NA,0,0,0,0,0,1,0,2.82,#VALUE!,-0.870770034,-1.890778014,200,#VALUE!,#VALUE!,#VALUE!
70818,G2019S,1,1953,2,2012,59,2013,60,2.05E+11,R01C01,65,BL,R02C01,66,V04,R03C01,67,V06,NA,NA,NA,NA,NA,NA,NA,NA,NA,NA,NA,NA,NA,NA,NA,2,2,2,NA,58,29,31,NA,8,11,11,0,10,13,16,0,28,26,NA,1.89,1.79,NA,1.72,1.38,NA,0.83,0.52,NA,0.7,0.45,NA,0,0,0,0,0,1,0,6.5,#VALUE!,6.601643948,6.354329923,201,6,#VALUE!,#VALUE!
71387,G2019S,2,1951,1,NA,NA,NA,NA,2.05E+11,R08C01,66,1,R05C01,67,V04,R06C01,68,V06,R07C01,69,V07,NA,NA,NA,NA,NA,NA,NA,NA,NA,NA,NA,NA,0,0,0,NA,0,1,0,NA,5,3,4,0,0,0,0,0,28,30,NA,NA,NA,NA,NA,NA,NA,NA,NA,NA,NA,NA,NA,0,0,0,0,0,1,0,-0.03,2,-0.186661641,2.214232713,202,#VALUE!,#VALUE!,#VALUE!
71978,G2019S,1,1945,1,2014,69,2017,72,2.05E+11,R03C01,72,1,R01C01,73,V04,R02C01,74,V06,NA,NA,NA,NA,NA,NA,NA,NA,NA,NA,NA,NA,NA,NA,NA,2,2,2,NA,24,26,32,NA,4,6,10,0,1,2,7,0,25,25,NA,2.26,2.07,NA,1.62,1.7,NA,0.99,1.18,NA,0.59,0.48,NA,0,0,0,0,0,1,0,-3.08,#VALUE!,-2.915223105,-5.45548638,203,3,#VALUE!,#VALUE!
72784,G2019S,1,1941,1,2013,72,2014,73,2.05E+11,R07C01,76,1,R05C01,77,V04,R06C01,78,V06,NA,NA,NA,NA,NA,NA,NA,NA,NA,NA,NA,NA,NA,NA,NA,1,2,2,NA,18,25,25,NA,2,4,3,0,2,2,4,0,28,29,NA,1.84,NA,NA,1.52,NA,NA,0.97,NA,NA,0.89,NA,NA,0,0,0,0,0,1,0,-1.21,#VALUE!,-3.672317646,-4.209934387,107,4,#VALUE!,#VALUE!